time,task_id,duration,cpu,priority
691819758587,381261939393-217,768590623,0.001673,105
691847198914,381262085556-108,88644350,0.003696,107
691847199636,381261934131-71,14941310931,0.010742,105
691855257757,381262055940-255,394647010,0.002026,103
691855262015,381262055940-87,394639223,0.002026,103
691860707452,381261934131-633,15098524838,0.010742,105
691861979589,381262060106-235,209621247,0.002026,107
691876839393,381261934131-1004,13431769145,0.010742,105
691963934014,381264413717-176,1856034000,0.008102,116
692012123316,381264539828-44,1814638661,0.004669,0
692027239706,381264488299-71,220416240,0.002026,107
692037155813,381264539828-1495,1568828450,0.004669,0
692037155879,381264539828-1591,1546505206,0.004669,0
692208252866,381264775419-372,26294573348,0.021484,103
692181264631,381264775419-1239,14745961085,0.021484,103
692218167352,381264775419-1707,2879055788,0.021484,103
692295560682,381264999749-33,13322234,0.002026,107
692402131550,381265191621-56,377432095,0.002026,107
692581397461,381267591988-102,138973844,0.003521,107
692648018575,381267704427-32,49895415,0.001057,107
692706444469,381267745592-78,366245137,0.002026,107
692706444904,381267777285-44,247371326,0.002026,107
692706445450,381268791287-20,304734947,0.002026,107
692730364464,381270868128-471,919916815,0.040527,0
692760794764,381268794274-1,247281165,0.002026,107
692827238880,381274007268-252,207161238,0.002026,107
692870021129,381274114982-273,3161881690,0.003170,0
692893448146,381274031454-69,216110368,0.002026,107
693499769499,381278273980-190,120347453,0.003696,107
693563602554,381278112034-1831,78903785,0.010925,105
693563610866,381278112034-877,78883977,0.010925,105
693574457763,381278385162-156,331723815,0.003258,103
693626279880,381278593241-94,130369023,0.003521,0
693626645480,381267667548-4,1201038805,0.002289,103
693745963606,381278658174-0,74719225,0.004051,105
693995482345,381278340163-656,1503262825,0.007484,105
693997016603,381278340163-1218,696759219,0.007484,105
693997151252,381278340163-1302,705649000,0.007484,105
694054168068,381278858237-408,108367777,0.004135,105
694054168281,381278858237-657,108371049,0.004135,105
694057567017,381278340163-559,464373672,0.007484,105
694062493715,381278624162-180,706649831,0.007751,105
694430579115,381278665360-139,335087605,0.007484,105
694502000607,381278646201-1333,88528089,0.004227,105
694504938385,381278646201-1709,146911799,0.004227,105
694511677012,381283021347-134,6236975139,0.002026,200
694549538132,381278736533-799,421350617,0.006866,105
694573669619,381278646201-1100,210651556,0.004227,105
694616744349,381278649125-163,497296904,0.006248,105
694616757913,381278710685-781,4653742477,0.007843,105
694618705354,381278665640-1707,67888216,0.003345,105
694618706888,381278665640-791,48226093,0.003345,105
694620320228,381278665640-1332,57685351,0.003345,105
694627701018,381283146398-23,179201436,0.007576,105
694630454713,381278710685-456,4479865437,0.007843,105
694738732571,381278737819-388,41378399,0.004318,105
694872155117,381284338981-14,1406242150,0.008804,117
695408511991,381282940777-239,2344335872,0.007751,105
695423525974,381282944143-470,319803972,0.007660,105
695430531614,381282941697-1672,894406119,0.007484,105
695431703174,381282944143-931,355156735,0.007660,105
695468713609,381282941697-2186,844446337,0.007484,105
695582764754,381284246545-913,695006747,0.007751,105
695588946676,381290607479-254,271512841,0.002026,107
695588947624,381290624661-251,301591678,0.002026,107
695608496573,381284246545-927,708836723,0.007751,105
695647122710,381290654981-82,297296548,0.002026,107
695647123688,381290657561-97,246382069,0.002026,107
695647125496,381290665085-415,83250766,0.003696,107
695647131391,381290666866-393,80836566,0.003696,107
695647131418,381290661880-218,343555662,0.002026,107
695713225635,381283153252-10,474139592,0.006340,105
695839079881,381286973536-513,358373621,0.029419,105
695889872442,381291124245-107,99229762,0.000880,105
695889873094,381291124245-509,99234167,0.000880,105
695923024002,381291200522-245,209656792,0.002026,107
695953580777,381291325839-18,491314024,0.002026,107
695953583035,381291196120-502,47208310,0.004318,105
695953584036,381291196120-1313,47217668,0.004318,105
695953584310,381291196120-1563,47220571,0.004318,105
695976665074,381291214003-1115,73012831,0.003609,105
695979672150,381291205332-1983,101748270,0.003696,105
695982982274,381291214003-1726,92200207,0.003609,105
695987149038,381291259817-12,888757397,0.059143,105
695987873826,381291205332-2366,129115376,0.003696,105
696014357163,381291219373-995,42637596,0.004494,105
696014358343,381284345175-7,236161961,0.045898,103
696019653621,381291219373-329,37332388,0.004494,105
696069388383,381278903373-5,804153609,0.002026,103
696078885642,381291229095-1496,66792609,0.003345,105
696078896639,381291541814-145,98530059,0.002026,105
696130371181,381279144962-0,972335795,0.002026,103
696130374749,381289367903-19,543791905,0.002640,103
696138139197,381291727440-118,670820587,0.015503,103
696142975747,381291799879-658,160487433,0.000616,200
696154926382,381291799879-758,171125138,0.000616,200
696178986227,381286987293-27,285341281,0.002289,103
696256248638,381294049100-0,24172184,0.001673,200
696318531777,381294022024-54,50213842,0.002026,107
696385383833,381292925405-0,376324358,0.014130,115
696385384218,381292898628-189,2940111365,0.008545,105
696385399993,381296258009-423,420469398,0.002026,103
696395310414,381296227792-205,132319370,0.003521,107
696445313842,381296345432-236,212331844,0.002026,107
696445337326,381278570405-25,2155632956,0.008102,105
696456565127,381296298681-117,244682623,0.002026,107
696456577109,381296298812-270,211620945,0.002026,107
696456578267,381294126632-234,2232562411,0.002819,103
696467769786,381296294854-54,228163856,0.002026,107
696467769976,381296294854-152,228165724,0.002026,107
696478994816,381290599735-1355,2945102992,0.002026,103
696490641358,381290599735-4173,3004733170,0.002026,103
696490657278,381290599735-4610,2945555343,0.002026,103
696503472995,381290679119-498,676056831,0.019012,103
696508467772,381296575592-145,218485693,0.002026,107
696514541107,381296434937-85,600421044,0.002026,107
696565244713,381296748674-681,2099673865,0.000705,105
696565249018,381296748674-707,2099435296,0.000705,105
696631237435,381296444339-611,117634777,0.003345,105
696631237496,381296444339-645,159050027,0.003345,105
696701390713,381296712788-1042,70731806,0.003345,105
696704298736,381296477113-236,110637617,0.003258,105
696704307154,381296373398-235,1942722563,0.002026,103
696704308288,381296373398-1117,1937223253,0.002026,103
696704308760,381296373398-1608,1933332401,0.002026,103
696704308872,381296373398-1704,1927321207,0.002026,103
696716701133,381296373398-4180,1929169706,0.002026,103
696716729285,381296373398-4637,1931026113,0.002026,103
696722438327,381298914791-1327,326257545,0.003788,105
696728081258,381296373398-4470,1918949564,0.002026,103
696731800755,381265274832-312,22107434363,0.021484,103
696738105726,381289359372-683,18136102243,0.008102,103
696739831814,381296526464-1899,4777273185,0.002026,103
696739834882,381296526464-3704,4770377307,0.002026,103
696739850112,381296526464-4222,4774222835,0.002026,103
696757629567,381298909671-3,27306185,0.004051,105
696762643110,381299098187-3733,4747808940,0.002026,103
696762656132,381299098187-879,4751416793,0.002026,103
696774712139,381299098187-1422,4736921612,0.002026,103
696774714765,381299098187-4398,4742836992,0.002026,103
696808886907,381299289502-166,707034270,0.029572,103
696818404001,381299416714-13,315224312,0.002026,107
696818404351,381299416714-209,315228079,0.002026,107
696877371281,381299589796-55,92980530,0.002026,107
696934498790,381265274832-1900,19800549548,0.021484,103
696939017256,381299721969-449,215600759,0.002026,103
696949028717,381299614556-16,502662774,0.002026,103
697007251309,381299921724-459,115329688,0.002907,119
697071215179,381299880705-68,457884310,0.002026,107
697071216786,381299893936-46,470029228,0.002026,107
697071224219,381299930543-50,354190804,0.002026,107
697302356164,381300510726-0,51579609,0.029938,200
697422831915,381301706017-41,207187163,0.002026,107
697427635926,381301655045-224,127975723,0.002026,107
697556646508,381299737102-132,67485681,0.004051,105
697565517579,381299737102-56,61043856,0.004051,105
697672726401,381304109053-111,102131084,0.002026,107
697672726564,381304111773-108,292216975,0.002026,107
697672726638,381304111773-177,208440400,0.002026,107
697681458447,381304105559-297,210591123,0.002026,107
697852437556,381304404236-120,14195321,0.002026,107
697857526772,381304440527-157,225204312,0.002026,107
697918319232,381304516047-272,204868988,0.002026,107
697932338783,381304452073-251,197823907,0.002026,107
697957357113,381304639623-0,34651325,0.001760,200
698156644529,381304874240-179,104049744,0.003521,107
698177637549,381305952181-101,1339373222,0.040527,0
698224356334,381305963840-64,142238510,0.003696,107
698224358413,381304087099-1045,66997055,0.002907,105
698244998560,381305963840-36,39561778,0.003696,107
698301472141,381304120910-873,62956099,0.003345,105
698301472538,381304120910-776,92427404,0.003345,105
698324732002,381304686710-204,43745291,0.004051,105
698347024179,381304859396-38,85983346,0.005638,105
698377339884,381302855096-301,208920495,0.002026,103
698385683478,381304801642-271,337698783,0.002026,103
698410765080,381307349960-1196,613281020,0.006866,105
698430451016,381299822035-65,33548179700,0.014969,103
698456050649,381299822035-3380,19944390604,0.014969,103
698465062477,381299822035-4289,20303511089,0.014969,103
698468858350,381307437028-313,219077545,0.002026,107
698587055134,381299822035-3691,19628600156,0.016815,103
698520487460,381299822035-3335,20354859744,0.016815,103
698652372835,381307740511-73,214387652,0.002026,107
698715096211,381307468153-202,8801753321,0.016205,105
698724041078,381307468153-2068,5931063740,0.016205,105
698726396074,381307792670-256,205618939,0.002026,107
698737502287,381307423059-594,570585059,0.015839,105
698740607542,381307468153-3743,6155185923,0.016205,105
698756185884,381307403305-371,187600149,0.002026,103
698781750066,381307712048-338,2778143061,0.008545,105
698833170863,381312086844-215,138407048,0.003696,107
698896124447,381315240003-90,381964638,0.002026,107
698959555891,381316343531-249,221724696,0.002026,107
698959557199,381316352571-57,46704125,0.002026,107
699280464486,381324797275-156,120152958,0.010559,200
699262992380,381319622499-83,492636436,0.006607,103
699270039298,381324789025-225,408318549,0.002026,103
699340770376,381324876003-211,169539795,0.002026,103
699472226047,381325038542-1019,53869985,0.003433,105
699477745374,381330301476-2,1908958722,0.002811,119
699499418060,381316324328-2572,139129546145,0.008804,25
699513753474,381325257487-1101,94584414,0.003696,105
699525349451,381332303735-2003,44946830,0.006432,105
699570703493,381335367101-878,83903186,0.003609,105
699705053168,381336691387-851,480703663,0.006866,105
699706205379,381336693092-930,120539210,0.004318,105
699706686053,381336691387-1098,467294125,0.006866,105
699706690575,381335576090-168,170505276,0.002026,107
699715376621,381335603122-287,200669772,0.002026,107
699720722688,381336670113-89,256154473,0.002026,103
699757982380,381336741265-10,61446062,0.004318,105
699768939965,381336736469-219,224070092,0.004051,105
699769071588,381336741265-1212,46619215,0.004318,105
699769073432,381336741265-2164,50973606,0.004318,105
699769086971,381336704765-109,286909888,0.002026,103
700055359061,381353327060-313,231011390,0.002026,107
700072523630,381353329409-176,184136572,0.002026,107
700118840161,381363473587-212,211172199,0.002026,107
700123489033,381354416728-44,384106785,0.002026,107
700127421377,381354402520-230,198300589,0.002026,107
700778806658,381380105858-43,335654528,0.004845,116
700791293303,381390530127-387,85041648,0.003521,107
700831355855,381390635035-14,934577407,0.001406,200
701085242058,381403012081-0,24759569,0.001673,200
701169866748,381403078163-1612,317678544,0.002026,107
701223793705,381368753707-4,313020345,0.005196,105
701477724845,381415435799-56,196594404,0.002026,107
701482142261,381415438947-53,213478648,0.002026,107
701721697405,381390551761-1952,935790764,0.006432,105
701722980391,381390554047-238,356262849,0.004402,105
701725329575,381430014409-45,917799121,0.040527,0
701834797037,381430126432-420,111362549,0.003696,107
701901037000,381431191361-242,110716651,0.003696,107
701901037170,381431191361-337,97315340,0.003696,107
701901038382,381390864455-615,75668230,0.003170,105
701906057093,381390861959-193,688247056,0.007393,105
701907974004,381390866945-2,223543353,0.006248,105
701912432943,381390864455-1529,63776964,0.003170,105
701958798146,381390922731-213,64062438,0.003170,105
702105124017,381430130356-67,213734921,0.007393,0
702204840933,381443417612-167,244138264,0.034058,0
702447064463,381458799955-108,160047830,0.003696,107
702512222197,381415730369-24,520187109,0.005020,105
702551132419,381443417612-449,142169983,0.034058,0
702551132445,381443417612-452,139428857,0.034058,0
702558267098,381443417612-865,106730603,0.034058,0
702651012359,381464104251-31,153372001,0.003521,107
702652768559,381458970142-2178,1937927378,0.025146,107
702704304925,381458970142-1857,1886387207,0.025146,107
702760881002,381430143177-904,429272590,0.006866,105
702769810138,381430148477-644,565837732,0.006248,105
703129460512,381447544785-110,70539846,0.003170,105
703139399925,381447544785-1675,60625237,0.003170,105
703139400177,381484813376-205,27625522519,0.025177,107
703187261750,381447607693-161,112635839,0.002907,105
703228736630,381486009287-165,550976824,0.001585,200
703433111771,381458894989-294,507999345,0.006866,105
703445013122,381458896815-1259,214708711,0.004318,105
703452682130,381458896815-875,108556652,0.004318,105
703517548838,381498387610-469,1067501169,0.040527,0
703626333244,381471309728-1483,14040891767,0.008896,105
703626333493,381471309728-1549,14049538922,0.008896,105
703626335022,381471309728-2330,14049553013,0.008896,105
703626347236,381471309728-3781,14049569820,0.008896,105
703682039678,381510617900-0,90520653,0.029938,200
703975841629,381522918812-0,33018784,0.029938,200
703992868917,381522933327-0,185813430,0.003876,200
704052871823,381523968733-0,27927167,0.001760,200
704261579819,381530058673-86,1940226110,0.002026,0
704286595885,381498247029-360,2901723978,0.008545,105
704593235904,381550423564-218,152496916,0.003696,107
704593236515,381550426075-105,148254859,0.003696,107
704615586245,381551506581-1,573418413,0.000441,200
704668693637,381510681894-1458,663737769,0.020081,105
704678931264,381510681894-1229,3047073687,0.020081,105
704682513581,381551614243-0,867303090,0.000441,200
704714303583,381551603861-113,89589621,0.003433,107
704721658313,381510681894-339,3358729001,0.020081,105
704903984765,381565808584-18,1161709836,0.008102,116
704907417487,381522922010-1810,101547418,0.003876,105
704914736691,381522922010-1650,92434166,0.003876,105
704916564454,381522922010-2050,91433686,0.003876,105
704924106944,381522922010-1835,83310108,0.003876,105
704926492029,381522912564-486,1014581502,0.008804,105
704973039293,381522962009-1190,130902328,0.003876,105
705143931087,381522913347-311,55850049,0.006432,105
705182360042,381571177510-47,218460119,0.010559,200
705197367880,381522913347-342,51703635,0.006432,105
705269815767,381537213237-691,53919199,0.004051,105
705269817289,381537213237-1674,53930201,0.004051,105
705269822427,381537213237-2244,53932544,0.004051,105
705318287875,381571339403-295,920089297,0.040527,0
705381053783,381524031032-29,700372325,0.024200,105
705515274532,381551459955-117,60137805,0.003082,105
705515275458,381551459955-639,60819279,0.003082,105
705515276706,381551484914-315,2797265269,0.008453,105
705515276890,381551484914-432,2788398205,0.008453,105
705574841307,381573626604-823,228217497,0.003696,116
705763523679,381565753413-269,72324039,0.004135,105
705763525941,381565753413-1667,72334349,0.004135,105
705763527845,381565765369-901,184881147,0.003876,105
705763548864,381565753413-2160,72315542,0.004135,105
705798251400,381574024013-155,2213366515,0.010559,200
705820445621,381565817352-189,78075325,0.006958,105
705820446977,381565817352-985,58807117,0.006958,105
706063611476,381571585372-252,734873143,0.007393,105
706070282091,381571603912-96,3318722682,0.002026,105
706073415144,381571585372-449,593141430,0.007393,105
706079636239,381574073575-62,2434965550,0.000705,105
706079636409,381574073575-180,2435425888,0.000705,105
706136534418,381574380705-415,140107525,0.003521,107
706148439900,381574223450-4035,6883345611,0.008102,105
706148442390,381574223450-5681,6691970087,0.008102,105
706148442696,381574223450-5879,6576606617,0.008102,105
706148458181,381574223450-5458,6581645780,0.008102,105
706157382348,381574223450-7079,5290232446,0.008102,105
706157398031,381574223450-8876,4430678674,0.008102,105
706315814547,381574507764-34,1348131084,0.025177,103
706322674774,381574082637-71,225131594,0.007843,105
706346457196,381574082637-1661,56194620,0.007843,105
706378638012,381471427676-106,357055040,0.001760,103
706379330006,381574712819-1252,2700897800,0.004051,105
706394925062,381574766613-22,148894521,0.003696,107
706440731480,381552707918-77,237707255,0.016907,103
706440759757,381571162259-0,1355916173,0.002026,103
706456529225,381574885176-182,193032824,0.001057,103
706467271515,381402987577-23,197474251,0.012863,103
706478046361,381380415944-290,341457914,0.002026,103
706488952526,381403340311-329,135633531,0.002026,103
706488952814,381403341960-330,4581382,0.002026,103
706488977335,381367514142-351,144072934,0.002026,103
706500611633,381368855065-3679,37486634595,0.002026,103
706500613172,381368855065-4571,40188468407,0.002026,103
706500631724,381368855065-4787,20313389449,0.002026,103
706645414540,381576219658-3119,72275129,0.002026,103
706649675502,381576219658-2437,68006008,0.002026,103
706652078026,381571200001-26,161620639,0.002026,103
706652078731,381510610833-34,625467355,0.002464,103
706662652444,381537103539-268,106598280,0.017426,103
706677369812,381358461311-561,56019333971,0.043030,103
706693392349,381576156892-735,3914637181,0.002026,103
706722358636,381576156892-1246,3885681113,0.002026,103
706722371083,381576156892-2101,3885685766,0.002026,103
706731084566,381576156892-2774,3876985743,0.002026,103
706740463682,381574508629-1513,20719858256,0.002289,103
706760911631,381576826012-13,407257831,0.002026,103
706760911857,381576826012-149,407261743,0.002026,103
706760929066,381574465489-3159,17034581455,0.004135,103
706771680511,381574465489-4415,8501482985,0.004135,103
706778339858,381576862350-338,284740800,0.002026,103
706827547921,381576932182-875,755720125,0.009781,105
706827548102,381576932182-1016,706923895,0.009781,105
706827548155,381576932182-1089,735685165,0.009781,105
706828599056,381576932182-2145,715486337,0.009781,105
706828599321,381576932182-1798,686856848,0.009781,105
706868580413,381577152305-54,63541356,0.016907,103
706876425779,381577229218-65,79304639,0.003696,107
706876426521,381577107725-22,79303671,0.004051,105
706876427587,381577171343-431,95112242,0.003876,105
706893373211,381471309707-549,384981859,0.004135,103
706970825950,381574644370-1773,144179594,0.005547,103
706982787656,381574644370-1047,2344968271,0.005547,103
706982788470,381577042942-867,2747666807,0.005547,103
707001193213,381578498877-294,187601825,0.003696,107
707017438357,381578505768-48,285325848,0.019897,103
707024877500,381578659029-24,2225744798,0.010559,200
707053513373,381578703192-22,514642699,0.011353,105
707107316200,381576156892-5014,3500798912,0.002026,103
707117494468,381577307942-305,185651623,0.002026,0
707127777044,381578806112-247,212162236,0.002026,107
707127779877,381578760574-234,22181546360,0.002113,103
707148429840,381578892669-4,1456554689,0.040527,0
707155020682,381578892669-422,1164412402,0.040527,0
707155020711,381578892669-455,1427617231,0.040527,0
707189890754,381578957108-282,195165373,0.002026,107
707201435056,381579045520-607,256818424,0.003258,105
707201470261,381579045520-911,511298052,0.003258,105
707222817469,381578964908-480,343382359,0.002026,103
707247636285,381579067219-921,181405336,0.005020,105
707247636825,381579068218-380,183844100,0.000616,105
707260617469,381579080928-165,202182920,0.005280,105
707260622557,381580154534-397,429807031,0.002026,103
707260623413,381580204288-307,357732740,0.002026,103
707260636375,381580175774-48,646880642,0.002026,103
707466507868,381580301134-113,122176827,0.002026,0
707293499673,381574465489-7177,7819983357,0.004135,103
707308502284,381580343986-79,140118489,0.002026,107
707308525591,381580152008-185,265777767,0.004051,105
707317595734,381580152008-646,254594314,0.004051,105
707319518363,381580263467-1677,986238991,0.003082,105
707327034786,381580376417-765,176161852,0.003258,105
707332639910,381580343986-91,115981019,0.002026,107
707373488902,381580422618-292,120984808,0.002026,107
707373489029,381580389870-40,65986189,0.003082,105
707433135667,381580503962-115,1048186262,0.006783,105
707438728188,381580503503-79,218503226,0.002026,103
707482817488,381581736101-33,455494766,0.007660,105
707490988544,381581689778-752,87342367,0.004227,105
707494173906,381581689778-1917,61767094,0.004227,105
707504758739,381581730179-4,4737315,0.002026,107
707553507076,381582877462-329,158177276,0.003521,107
707564798353,381581785742-669,199061237,0.002201,105
707564803978,381581793147-610,182357128,0.002907,105
707564804114,381581793147-768,230784088,0.002907,105
707564804132,381581793147-801,179636741,0.002907,105
707564804233,381581666098-52,113133894,0.002026,103
707680989611,381581736407-86,50488493,0.003345,105
707680990065,381581736407-410,64056806,0.003345,105
707704658220,381358461311-1012,36118610523,0.043030,103
707704667114,381583088422-329,319375997,0.002026,103
707716136306,381358461311-2217,31031706593,0.043030,103
707716471419,381358461311-3100,24128501628,0.043030,103
707740340647,381583301248-107,396064811,0.002026,107
707754901470,381358461311-1424,32003037807,0.043030,103
707760579684,381583299318-3,966428295,0.027039,200
707795220958,381584434332-312,440603909,0.002026,103
707808623894,381584474291-736,290231726,0.008102,105
707825942844,381584561716-0,30914055,0.001760,200
707857626515,381584498983-20,142445461,0.004578,105
707920264854,381584657227-249,426842100,0.002026,103
707983611505,381585722742-531,290011370,0.003433,105
708009386718,381584474291-35,164895190,0.008102,105
708020596779,381307658136-193,147801698385,0.008102,0
708044727865,381585934740-143,289624428,0.002026,107
708116504571,381307666465-249,233123179330,0.014175,0
708137829443,381581665533-36,84122587,0.002026,107
708162950369,381586097299-421,227318042,0.004051,105
708162950695,381586097299-623,199700512,0.004051,105
708162952634,381586098853-966,200175579,0.004051,105
708167008076,381307665500-196,102002501294,0.004051,0
708167992081,381586180625-135,209397355,0.010483,200
708210059372,381574465489-9197,6873148833,0.004135,103
708220512798,381586275256-1029,892457941,0.007309,105
708226829681,381586154176-796,2988030729,0.002026,116
708226830909,381586258897-225,202436595,0.002026,107
708314087602,381586402951-2291,67367255753,0.016205,105
708324412255,381586402951-1023,67442465645,0.016205,105
708333124351,381586454647-85,178654477,0.003258,105
708333124781,381586454647-451,181941649,0.003258,105
708334245784,381586402951-3328,67432152887,0.016205,105
708354872225,381586476062-449,610779870,0.006340,105
708359506937,381586674889-0,76509122,0.026489,200
708377810045,381586442964-389,403470433,0.002026,103
708411359139,381586402951-7759,67355614325,0.016205,105
708486379560,381586795568-231,210522004,0.007843,105
708497231820,381586807078-932,199669149,0.002731,105
708512747556,381586822545-695,473057483,0.007484,105
708516782954,381586822545-1283,417547826,0.007484,105
708518209951,381586822545-591,527885366,0.007484,105
708538427367,381586902776-111,214496706,0.003433,105
708542397111,381586820083-30,3284631240,0.007751,105
708590717981,381587055068-412,134308424,0.003433,107
708640037180,381587147323-4,2933285814,0.032410,200
708652324675,381587138586-296,144240530,0.003696,107
708674826582,381581766508-357,990167917,0.016205,105
708714170048,381587244628-101,127093519,0.003696,107
708773759715,381587383647-83,281201362,0.002026,107
708896836093,381588577253-9,314638499,0.008102,105
709028328962,381588760833-333,175455157,0.004051,105
709042562933,381588827900-0,51317993,0.026489,200
709090787786,381588800570-573,174072395,0.005463,105
709148278199,381589948874-71,260125724,0.002026,107
709169740808,381589893323-217,50870266,0.004051,105
709170758532,381589907943-1819,143295678,0.003345,105
709175390043,381589907943-1883,76356740,0.003345,105
709177425888,381589907943-1911,66297833,0.003345,105
709200035134,381589971505-52,371191350,0.002201,105
709208594173,381589971941-160,442651375,0.002026,107
709243410120,381589893923-1552,939848583,0.006165,105
709271218014,381590186056-102,102498682,0.003696,107
709279248571,381590125182-783,191553996,0.004318,105
709292205715,381590142932-293,528412216,0.008453,105
709292503896,381590145188-1098,111697237,0.004578,105
709293864439,381590142932-1072,547598111,0.008453,105
709294786648,381590142932-1095,480319326,0.008453,105
709305731517,381590178712-163,213496069,0.002026,103
709336641468,381590352177-187,849980310,0.005898,105
709347776056,381590352177-1486,827020987,0.005898,105
709347776430,381590352177-483,870372812,0.005898,105
709399460471,381590358918-690,1139150052,0.006073,105
709580675703,381307663645-14,18581407191,0.003239,0
709616083004,381590358918-1168,799263934,0.006073,105
709644552789,381591793542-1200,7438225892,0.009247,103
709693364732,381591860599-415,156678454,0.003521,107
709824529114,381592104419-230,214416891,0.002026,107
709834346950,381592080092-285,207356499,0.003521,107
709846858969,381592202860-242,313424671,0.002026,0
709851608590,381592210766-0,57277049,0.026489,200
709917154886,381592340731-11,315015254,0.002026,0
709917155166,381592340731-132,315017394,0.002026,0
709948120435,381592294530-95,236684645,0.004318,105
709961642912,381592294530-1116,212600378,0.004318,105
710064945110,381592537534-204,113010263,0.002026,105
710064945364,381592537534-378,113007135,0.002026,105
710125634037,381592617778-9,3574047259,0.020081,105
710125636645,381592617778-755,3574054858,0.020081,105
710125637665,381592617778-1418,1040923750,0.020081,105
710189757246,381592681671-271,209882931,0.002026,107
710189781234,381592620645-12,50554613,0.004051,105
710244155763,381592692647-5,78589944,0.004051,105
710252110419,381592695648-327,122091946,0.003521,107
710252111253,381592775252-55,200719445,0.002026,107
710252113382,381592793795-533,89419865,0.003876,105
710252131083,381592781416-106,415328069,0.002026,107
710263560986,381592696340-242,206112698,0.002026,107
710306442722,381592924539-642,172377861,0.003170,105
710313789289,381592930982-930,209988349,0.005020,105
710325526502,381586788612-262,2941651271,0.008194,119
710325531339,381592930982-933,205093184,0.005020,105
710325532272,381592935348-478,191928444,0.004929,105
710325535983,381592924426-186,330559819,0.002026,103
710374538009,381593089339-850,86187176,0.003696,105
710394988568,381592977893-1499,8857315789,0.009247,103
710394988898,381592977893-1593,10065063941,0.009247,103
710394989653,381592977893-1857,6992972015,0.009247,103
710497217301,381593219841-149,426065105,0.002026,107
710497219185,381593258236-60,1804417439,0.004051,105
710497221955,381593258236-2222,1975109556,0.004051,105
710508311014,381593258236-868,1803060028,0.004051,105
710508312090,381593258236-1952,1815228125,0.004051,105
710508317191,381593321404-173,3769223660,0.000705,105
710508334543,381593321404-674,3769205041,0.000705,105
710512650693,381593368547-2513,146815263,0.000616,200
710517883143,381593294240-90,46099596,0.002026,107
710556004457,381593338408-540,178232827,0.003258,105
710556006986,381593460065-235,201018333,0.002026,103
710679037367,381593606079-6,216714909,0.002201,200
710682199017,381593573788-102,546012305,0.005547,105
710682201143,381593573788-1386,465085266,0.005547,105
710682201973,381593587780-295,2371663403,0.008011,105
710682215736,381593587780-275,2082053417,0.008011,105
710734861353,381593681153-368,1524877570,0.040527,0
710738714868,381593672440-162,196564409,0.003696,107
710747723537,381593606017-40,134925743,0.006340,105
710801153405,381593716517-343,1139296175,0.004051,105
710867260759,381593895181-167,215952320,0.002026,107
711052497288,381594216376-152,411430516,0.002026,107
711065295608,381594189959-1471,556692309,0.006165,105
711112822219,381594389555-114,35005623,0.002026,107
711175028266,381484813376-4535,11108026165,0.025177,107
711176174330,381594488520-281,203430932,0.002026,107
711176175483,381594446445-609,811412350,0.006165,105
711195012969,381484813376-3804,13364003113,0.025177,107
711197690268,381594446445-1261,700775931,0.006165,105
711236423553,381594616063-171,204142946,0.002026,107
711248866887,381594552554-49,559986459,0.007133,105
711258457704,381594377620-62,889126358,0.004051,114
711298769981,381594641610-52,205225965,0.002026,107
711301411980,381594641610-81,202584575,0.002026,107
711356559124,381596840693-165,909270757,0.000528,200
711428754973,381596837529-784,1371444515,0.009949,105
711443092428,381596924230-58,311477524,0.002026,103
711451739864,381596835451-224,79773799,0.003960,105
711454004106,381596879451-531,1269688839,0.011978,103
711499896853,381597997174-1312,978450125,0.013214,103
711505941389,381596833650-200,862704755,0.006165,105
711512597549,381597997174-571,1276649851,0.013214,103
711540932752,381598160928-55,76976064,0.001410,103
711604121038,381598128980-142,1185135057,0.011978,103
711613631969,381597977080-888,1175607046,0.011978,103
711614772888,381598163572-14,253916843,0.007309,103
711626455450,381598128980-1430,1162807813,0.011978,103
711669349078,381598131603-1282,985750775,0.013214,103
711674328875,381598128980-1699,1114936236,0.011978,103
711735904762,381597977080-659,800637487,0.011978,103
711908924101,381600737061-402,2675872641,0.008453,105
712052548926,381600993338-16,319805839,0.002026,0
712224982146,381602149087-1651,1057164600,0.005722,105
712227451695,381602149087-2142,1124623326,0.005722,105
712228961846,381602149087-292,1072639159,0.005722,105
712398769205,381603464176-314,208053505,0.002026,107
712398770194,381603485558-374,127066375,0.003521,107
712398776144,381603346760-107,63033771,0.004051,105
712402791596,381603464176-297,204030757,0.002026,107
712470954140,381603620785-1132,62336049,0.004135,105
712514494145,381603752953-24,915008896,0.040527,0
712703497916,381603862277-55,103544147,0.003521,105
712703498468,381603862277-386,66090562,0.003521,105
712703498570,381603862277-455,64559392,0.003521,105
712765516409,381603917886-70,210632286,0.002026,107
712765519719,381603924108-1356,209380173,0.002907,105
712884546516,381604006018-135,43801060,0.004051,105
712950136749,381604132356-150,78297421,0.008270,105
712950141010,381604134512-728,576869262,0.007660,105
712950141658,381604134512-1279,606376884,0.007660,105
713009179494,381604170504-165,277734311,0.002026,107
713009179596,381604170504-216,277735280,0.002026,107
713009181818,381604189658-171,58712984,0.003258,105
713009182336,381604189658-511,95936836,0.003258,105
713009193895,381604167156-434,2067236616,0.008545,105
713014811786,381604176130-24,288205333,0.002026,107
713072644981,381604235379-109,26820345,0.002026,107
713072645116,381604236910-50,28959104,0.002026,107
713072648955,381604226758-401,418732027,0.006866,105
713192525322,381604291714-702,7820599249,0.004051,105
713192525354,381604291714-723,7870476660,0.004051,105
713192527245,381604291714-1944,7732372523,0.004051,105
713192537109,381604291714-1969,7748696829,0.004051,105
713254450596,381604348542-624,466200563,0.007660,105
713254451080,381604348542-927,475217150,0.007660,105
713254467005,381604348542-1764,454992352,0.007660,105
713319922295,381604433587-836,568341202,0.006607,105
713319923577,381604385701-196,189253338,0.002026,103
713325981925,381604438380-2,60162281,0.003788,105
713375612732,381604438438-318,59231559,0.004051,105
713375613534,381604439145-75,62972401,0.004051,105
713436802304,381604555337-259,163998048,0.005196,105
713436802796,381604577296-191,189640593,0.002026,103
713439535407,381604567549-150,213341571,0.002026,107
713497611298,381604630169-173,176223982,0.002026,103
713537963067,381604719893-0,118411237,0.026489,200
713557676581,381604654189-382,341651866,0.002026,103
713620783164,381606773063-506,425860801,0.021484,115
713620784648,381604761732-422,148915540,0.003696,107
713687204837,381606904542-0,14309047167,0.000705,200
713748147615,381606857466-688,3226368515,0.013916,105
713748149617,381606929066-220,92515998,0.003345,105
713748182412,381606925085-341,135056646,0.003696,107
713748187116,381606859797-161,576589864,0.012939,105
713758362970,381606928704-137,403705470,0.009781,105
713768609783,381607026166-15,3582013122,0.012146,118
713864976089,381606772545-48,384349536,0.018585,115
713864977249,381607154116-270,203718829,0.002026,107
713867472961,381607147895-283,225872747,0.002026,107
713932577728,381607295864-166,945651541,0.008270,105
714064665857,381608472442-328,105608810,0.003696,105
714067456792,381608520503-147,114773012,0.003609,105
714074845212,381608472442-737,77663951,0.003696,105
714076448888,381608530063-87,326994309,0.002026,103
714080982278,381608512811-799,178352496,0.003345,105
714079460764,381608514461-314,184466353,0.003258,105
714108143139,38777124678-183,10282762065,0.052856,119
714119135721,381608472442-2222,98642266,0.003696,105
714179953222,381608669543-287,500036938,0.008804,105
714366049360,381609002326-328,373774676,0.010925,105
714368134046,381609003091-898,125480220,0.008987,105
714368334630,381609002326-357,349532745,0.010925,105
714368843771,381609003091-123,101575204,0.008987,105
714424637036,381609003091-441,44282604,0.008987,105
714483601271,381609126909-100,38560484,0.002026,107
714483601440,381609141642-64,160139530,0.003696,107
714483618416,381609149476-144,135495628,0.002026,107
714494141036,381609169420-297,205435220,0.002026,107
714494153489,381609148249-1673,5952242251,0.002026,105
714536989819,381609280053-0,72848782,0.024292,200
714610027528,381609329221-1977,120171208,0.003170,105
714619819882,381609386741-109,453898664,0.009689,105
714621119906,381609389711-312,94055890,0.000880,105
714621120952,381609389711-1089,64952111,0.000880,105
714621131460,381609389711-876,63850870,0.000880,105
714669295969,381609325677-283,862283116,0.004051,105
714669297394,381609325677-1778,852513327,0.004051,105
714678362960,381609461827-199,241302424,0.002026,107
714678363875,381609462778-114,47264499,0.002026,107
714683187381,381609461827-306,236155868,0.002026,107
714740086738,381609589214-217,217638035,0.002026,107
714740090006,381609650282-10,54100681,0.009155,105
714797982735,381609751421-22,312045570,0.009781,105
714814659229,381609533841-27,11898704,0.004402,105
714824425675,381307661692-2255,112778037306,0.005669,0
714879468629,381307665279-58,34035924054,0.008102,0
714914186879,381609886340-41,225404868,0.002026,107
714914189111,381609909705-598,538874602,0.007484,105
714914190343,381609909705-1555,764191722,0.007484,105
714914208344,381609909705-1230,584155183,0.007484,105
714969728408,381609991174-226,133818908,0.003696,107
714969728742,381609991174-417,146816291,0.003696,107
715037338494,381609994646-89,441557558,0.002026,107
715039960773,381307649476-432,80504041550,0.003239,0
715102334426,381610130201-0,2771894828,0.000264,200
715152611342,381610133490-102,578041467,0.002026,107
715280942975,381611326885-410,185243525,0.002377,105
715280943795,381611326885-912,225403811,0.002377,105
715280945212,381611327901-885,205953929,0.002377,105
715286503614,381611327901-935,319216427,0.002377,105
715339268916,381611369652-271,1516124649,0.004051,105
715391424403,381611472177-0,38496676,0.024292,200
715397619349,381611468176-37,355974238,0.007751,105
715404678524,381611460523-1967,1864749741,0.010483,105
715404678726,381611460523-2225,1883565362,0.010483,105
715404679980,381611468451-1124,180648010,0.003609,105
715404679988,381611468451-1143,175026560,0.003609,105
715404699462,381611460523-1223,1853794478,0.010483,105
715404699471,381611460523-1400,2175673269,0.010483,105
715406917268,381611468176-125,405886996,0.007751,105
715413453864,381611468451-1082,178881040,0.003609,105
715413453903,381611468451-1250,81845600,0.003609,105
715459419337,381611558510-255,209284349,0.002026,107
715471577121,381611333987-51,214622841,0.002113,103
715527575537,381611559380-2156,619145017,0.002026,105
715527575689,381611559380-2260,619146113,0.002026,105
715538864014,381611559380-2328,607858604,0.002026,105
715584981287,381611692910-34,119072597,0.003696,107
715706966033,381611830876-509,276963721,0.003609,105
715896046707,381611976115-1754,117610731,0.002907,105
715896047218,381611976115-2185,108034701,0.002907,105
716010415910,381613104623-3,820477494,0.006958,107
716018531598,381613071304-404,131199885,0.003345,105
716018533518,381613071304-1798,89563993,0.003345,105
716029813745,381613071304-657,153335553,0.003345,105
716029827035,381613075708-126,301598466,0.005371,105
716029849465,381613102588-201,528678350,0.007484,105
716029858860,381613102588-251,592357658,0.007484,105
716041085646,381613102588-876,448520793,0.007484,105
716087240084,381613131843-934,681271873,0.006165,105
716113799512,381613262021-469,912919223,0.040527,0
716137092007,381613133871-34,914626410,0.004051,105
716141164961,381613069209-192,282465687,0.008362,105
716151548160,381613133871-991,921658840,0.004051,105
716212924304,381613133871-1801,970895564,0.004051,105
716300633236,381307646005-225,122730737861,0.009720,0
716368920754,381613544471-0,45421711,0.024292,200
716386984280,381613508645-1361,170252955,0.003345,105
716443112504,381613552788-181,693571070,0.004051,105
716443112734,381613552788-305,720356109,0.004051,105
716808063218,381613931144-277,130185032,0.003696,107
716868324204,381613987229-444,147199240,0.003696,107
716990018868,381614069022-14,1171009478,0.006958,107
716991614161,381614012048-3,622286443,0.004051,116
717008718522,381614007549-26,1217073916,0.016296,116
717311293444,381615373812-233,941758854,0.006958,105
717318426990,381615373812-1369,864634546,0.006958,105
717331749747,381615373812-2290,1165375841,0.006958,105
717430304247,381615540317-396,1218920561,0.004051,105
717432759962,381615540317-566,1128445292,0.004051,105
717488735220,381616577586-469,293307000,0.002907,105
717488735510,381616577586-681,326743954,0.002907,105
717500694382,381616620134-33,694974937,0.006958,107
717500811158,381616587951-416,196074101,0.005722,105
717510360097,381616578746-970,247869953,0.004051,105
717561391933,381616696780-1930,188439940,0.003696,105
717561392043,381616701480-38,918728646,0.003521,105
717572439267,381616701480-475,748492759,0.003521,105
717613291513,381616707177-14,237807409,0.004845,105
717625351201,381616763433-511,52505858585,0.008102,105
717694778689,381616763433-337,52311122418,0.008102,105
717724676476,381617956519-1426,145375734,0.000616,200
717724676646,381617956519-1515,151100174,0.000616,200
717724678126,381617956519-2299,257506579,0.000616,200
717729528950,381617959554-0,77417240,0.021912,200
717736969498,381618024146-1763,52389644670,0.019897,117
717748858941,381618024146-2428,52377768527,0.019897,117
717750560242,381616851079-230,146963770,0.004051,105
717750604195,381617950466-577,1530542134,0.000705,105
717762464063,381617960833-471,52342783291,0.008102,105
717769436618,381619248742-4,234512581,0.010559,200
717769646518,381617960833-2638,52335631174,0.008102,105
717776419811,381617960833-1788,52328845981,0.008102,105
717802386269,381617963838-1910,52302838611,0.008102,105
717822101429,381617963838-2748,52283135183,0.008102,105
717849657491,381617969840-729,52252075458,0.008102,105
717869239645,381617973129-1496,26331467155,0.020081,105
717871266643,381617969840-2465,52230490610,0.008102,105
717904056563,381617966839-1852,52207921222,0.008102,105
717928764191,381617979131-2261,52196735668,0.020172,105
717978280862,381617969840-238,52123445213,0.008102,105
717982599218,381617979131-1316,34649346637,0.020172,105
718085796016,381617973129-1169,52015992213,0.020081,105
718102888909,381618026848-293,48909792988,0.020172,105
718388861210,381620361439-0,31236688,0.001760,200
718390405066,381620368771-37,14458690609,0.002026,118
718390405108,381620368771-58,14664280263,0.002026,118
718594425749,381619989919-130,2879858017,0.008545,105
718594429173,381619990510-1,1940993466,0.008011,105
718606002195,381299625111-335,437013102,0.002731,103
718689292873,381617985133-2006,35796281185,0.018829,105
718693755981,381617985133-912,51420179747,0.018829,105
718695683967,381617985133-942,51418252361,0.018829,105
718725228400,381617988134-2122,51386808027,0.020172,105
718736520916,381617985133-478,41734531968,0.018829,105
718751104279,381617988134-2690,36002723207,0.020172,105
718777752310,381618003139-653,20683528444,0.020172,105
718791887461,381617994136-2003,37709356179,0.020081,105
718834867276,381617985133-902,37717221306,0.018829,105
718853576790,381618006140-652,43622013011,0.018829,105
718864510555,381618006140-1700,51251986468,0.018829,105
718866120710,381617982132-735,51241019117,0.018829,105
718940742149,381618006140-347,42557554249,0.018829,105
718942850646,381618009141-1520,47817621893,0.020172,105
718951619748,381618006140-1741,51164878097,0.018829,105
718960440602,381617985133-155,51143140942,0.018829,105
718960441198,381617997137-3,27833848233,0.020172,105
718963325491,381617997137-943,44562073512,0.020172,105
718969175892,381618000138-2481,48592119665,0.020172,105
718978382376,381617991135-1691,37108661217,0.020172,105
718984319353,381618000138-220,6352077017,0.020172,105
718984905907,381618003139-1647,40490121581,0.020172,105
718985255718,381618000138-60,34390513565,0.020172,105
719019293132,381618012142-938,31791779475,0.020081,105
719032972056,381618012142-2658,51069304483,0.020081,105
719034524874,381622086220-88,540013035,0.010559,200
719091672024,381618012142-2440,46304760176,0.020081,105
719129853976,381618015143-952,39458696692,0.020081,105
719283621048,381622471690-0,44835102504,0.002819,200
719325350346,381618015143-2440,44332712052,0.020081,105
719422925089,381623680980-92,38785470,0.012146,118
719451319072,381618018144-1389,50666226935,0.018829,105
719469963928,381618021145-910,17058525650,0.018127,105
719506556719,381623906858-0,614294722,0.000616,200
719574401526,381618021145-1821,41432761189,0.018127,105
719621784955,381618021145-2436,34133447629,0.018127,105
719711491845,381618021145-2378,50398094572,0.018127,105
719859127922,381624448505-0,23172507,0.021912,200
720056859773,381624685355-5,852939918,0.007484,200
720225460898,381624904668-92,154562148,0.003521,0
720260399359,381624791420-107,1254805275,0.054749,118
720442347149,381625144490-1,19096067,0.002026,0
721386423262,381625987937-66,242191540,0.010483,200
721514670223,381626109076-179,1364586752,0.040527,0
721820592476,381626293694-8,691031618,0.001690,200
722955408721,381627219863-1,6426472,0.000880,200
723258386015,381628329966-40,506583279,0.010559,200
723204792499,381627314492-0,3251421404,0.097168,200
723642141558,41225690996-2102,67891221427,0.052856,119
724416992687,381626877144-20,83603535,0.023956,0
724656448511,381630348433-84,1350012211,0.009247,200
724662054514,381630300672-241,256183455,0.002026,0
724854975413,381630522941-20,534375131,0.001585,200
724912682969,381630575387-1677,214278818,0.000616,200
724912683811,381630575387-2129,138935816,0.000616,200
724918310801,381630575387-2660,162298595,0.000616,200
725076164939,381630348616-47,930297887,0.009247,200
725407812074,381630944625-0,10860842,0.008102,200
725516232133,381631026457-561,18639916305,0.007660,200
725524593777,381631026457-1076,18631559705,0.007660,200
725617239278,381631118526-57,9675774982,0.002026,118
725700603144,381631183996-106,1490686454455,0.004402,200
726162784288,381631297427-0,32553606,0.021912,200
726147017324,381632568522-0,356520424,0.000352,200
726640649095,381633199153-0,93919627,0.000528,200
727784395978,381636477503-1,1453157967,0.007484,200
728211854616,381637222999-0,23593633,0.001760,200
728535447711,381637707016-344,264694059159,0.001619,200
728810672107,381638102092-504,179874013133,0.001619,200
728958274318,381639321210-3,212317372,0.002201,200
729285966144,381639747379-0,30856236,0.023682,200
729533374294,381639925890-36,192331892,0.002026,0
729798030493,381640461247-0,184555564,0.003876,200
730658420394,381640920032-158,425419701,0.002026,0
731136750939,381625039431-136,194229929,0.033875,0
731192818193,381626893577-309,2488234648,0.025726,0
731261814111,381626893577-428,919787058,0.025726,0
731553194365,381643361589-115,153141621,0.048584,118
731687411635,381643397333-113,450036890,0.006340,116
731956930498,381644840541-387,343993313,0.001585,200
732005037521,381644899778-1,10118866,0.002026,0
732056851608,381644985920-11,222723606,0.002201,200
732129741605,381645060437-1717,213699416,0.000616,200
732138226660,381645060437-2272,222871033,0.000616,200
732139764352,381644934066-2,17995548,0.021851,200
732946261025,381646945185-81,919304851,0.000528,200
733035037759,381647069494-0,31516145,0.024048,200
733168057479,381645455020-49,7748536625,0.004135,118
733459734344,381646681420-0,3023638945,0.000220,119
733556075890,381647755644-16,169870644,0.002201,200
733686130029,381647695287-620,1196468932,0.025726,118
734120136934,381649193950-46,1297240669,0.040527,0
734120138938,381649193950-414,1315631169,0.040527,0
734123805264,381649193950-495,921259661,0.040527,0
734220040730,381649214034-71,622592386,0.002026,0
734281703271,381649214034-297,599994725,0.002026,0
734319572365,381649368177-7,1080450961,0.007484,200
734390090903,381649383743-20,16107964054,0.003345,116
734413006444,381649383743-477,26947297331,0.003345,116
734416612261,381649472355-23,158819956,0.002201,200
735077512210,381651176806-274,190217248,0.003521,0
735244981301,381651422994-0,157715002,0.024048,200
736486231592,381653652047-0,25420874,0.001760,200
736578030526,381653723646-0,9551315,0.002026,0
737290468959,381654194474-0,29556325,0.001673,200
737534701242,381654330001-0,202134462,0.004356,25
738203953902,381654702016-426,152092591,0.006958,0
738678182814,381656193757-1192,185396643,0.006958,0
738852341867,381656407929-15,221678039,0.002201,200
739143746287,381656651429-6,936490635,0.002026,0
739145262930,381656698418-8,226922532,0.002201,200
739161121955,381656542620-0,21212726,0.040527,200
739752657120,381657314188-1199,159467657,0.006958,0
739802254060,381656651429-273,277988193,0.002026,0
739802256172,381656651429-1066,275987643,0.002026,0
739880847295,381656651429-1364,199416565,0.002026,0
739973086610,381656651429-1732,107184577,0.002026,0
739973086654,381656651429-1690,103889874,0.002026,0
739973086863,381656651429-1795,107016247,0.002026,0
740072036940,381658541429-34,927725427,0.016296,116
740157248355,381658736117-413,926691568,0.000528,200
740970700242,381659298987-480,293758546,0.021057,118
740992711922,381659324597-19,154829279,0.002201,200
741254946537,381661446954-0,30947316,0.001760,200
741716978139,381661738449-98,3857104,0.025726,118
742451696238,381663543509-88,15549831885,0.000352,200
742610854709,381663803045-0,44387804,0.026428,200
742630254533,381663742376-28,2899712865,0.012146,118
743306828703,381665671562-0,34276719,0.001760,200
743488216369,381665906465-1,81239977916,0.000705,200
744110875913,381666504077-0,1445114739,0.002266,200
744459248754,381666780365-150,99144094629,0.000352,200
744602641825,381666913736-113,98091014965,0.000352,200
744876055471,381667014243-150,245134496,0.011536,116
745821665887,381667825832-3,1229018636,0.014877,116
745877576214,381667825832-28,1173108537,0.014877,116
746522886133,381668619743-1436,137340285,0.000616,200
746522891436,381668619743-1187,135777576,0.000616,200
746527902165,381668619743-285,131243441,0.000616,200
746616916077,381668645049-39,1008915450,0.004051,116
746666206205,381669760322-0,25998934,0.001760,200
746728245005,381669799044-457,915084472,0.040527,0
746864137688,381669901451-6,238768257,0.002201,200
747355855801,381671400229-89,861624676,0.000528,200
747355856459,381671400229-449,840358662,0.000528,200
747629443874,381673621856-23,196062475,0.001320,200
747669027311,381674650797-57,53725737,0.012146,118
748427791467,381681012348-24,153252075,0.002201,200
748571025435,381681009105-715,39644340,0.002464,0
749139864847,381681456345-0,69560388,0.028625,200
749941126481,381688344251-13,88176443,0.002201,200
750023575436,381691428231-3,14125075,0.002026,0
750642586660,381697918169-0,26128963,0.001673,200
751372521908,381701532156-86,142603898,0.003521,0
751827422376,381698219212-1900,10523953,0.003609,0
752041328266,381704121548-2,121152253,0.005638,119
752116820903,381704178050-0,34726685190,0.052856,200
752459840900,381707317275-700,8983877529,0.002026,0
752529637700,381707317275-1513,281604272,0.002026,0
752954221629,381712624742-0,91151935225,0.025970,200
753075334229,381715861925-25,692083734,0.001406,200
753732163741,381718489455-1443,161670173,0.000616,200
754201226983,381720906356-0,15297229,0.008102,200
754563586293,381723217942-207,935653521,0.000528,200
754925798600,381729425634-0,27138527,0.001760,200
755820196179,381739956127-0,2021011042,0.000352,200
755960973520,381740057303-45,107991412,0.010559,200
756008208671,381740086000-138,1374415633774,0.007042,200
756091429057,381741161502-986,136674125,0.007042,0
756252630507,381741284372-0,27837079,0.001673,200
756675429546,381744681170-0,8079708,0.001673,200
756883363226,381744851101-0,14306202878,0.000441,200
756886917721,381744860689-0,27268280,0.001760,200
757525884909,381745434634-64,1455740935,0.040527,0
758021638111,381752998185-538,971194181485,0.000793,200
758521759231,381760588809-81,12344067920,0.000441,200
758606232506,381761644631-194,525113875,0.008194,0
759135786126,381763086044-0,26837918,0.001760,200
759619398269,381763405591-0,22970677,0.001760,200
759885002132,381763583015-72,1334282252,0.002026,118
760194998421,381763994106-0,4078030835,0.000880,200
760372990729,381764187595-0,22862618,0.001673,200
760578515331,381764281212-38,330288226,0.011978,116
760748275194,381764493081-382,349248974,0.001585,200
760748275228,381764493081-400,349248922,0.001585,200
760892466197,41225690996-2997,20627105940,0.052856,119
760915238799,381768633547-571,154307809,0.000616,200
761230927300,381768944317-0,22870545,0.001673,200
761811241597,381773297515-0,19474966,0.001673,200
763159152501,381624039391-234,176045364,0.003433,107
763159155753,381762928831-200,351885503,0.002026,107
763159157145,381762928831-1358,351909547,0.002026,107
763170932335,381762928831-1162,340130065,0.002026,107
763218227947,381780581829-0,25263613,0.001673,200
763219444662,381626849212-30,141350827,0.003433,107
763229446254,381639702626-0,38714494,0.019440,115
763280228725,381730448131-238,2820380188,0.008270,105
763340316610,381780602848-662,5048748670,0.002026,107
763340317698,381632592012-188,112892508,0.001848,105
763340318279,381645162295-121,557321353,0.011353,105
763344486763,381780528055-422,261271077,0.018585,115
763344594463,381780529835-110,227409542,0.018585,115
763398473942,381653214202-33,304627647,0.007843,105
763460725476,381780861759-0,61110979,0.008102,117
763470670648,381307666465-876,150311150802,0.014175,0
763542160075,381781027992-0,30169260,0.001585,200
763595642437,381745335560-584,929077977,0.006958,107
763595643329,381745335560-827,936945016,0.006958,107
763604868069,381745335560-582,918161168,0.006958,107
763648304859,381663671377-0,104161454,0.000234,115
763656994911,381649636705-377,2025180802,0.009338,105
763670890408,381649636705-1200,2011296357,0.009338,105
763670890465,381649636705-1068,2011294534,0.009338,105
763682884239,381781241335-0,24678918,0.001673,200
763780053859,381762991048-63,152547451,0.010559,200
763813710427,381781521308-0,29726229,0.007919,200
763833228462,381781543126-41,5644992675,0.007217,0
764071330459,381781689741-85,121881762,0.003696,107
764162443850,381781163994-86,932280689,0.019287,107
764164752336,381781130981-38,643082091,0.017090,107
764173454745,381781131038-23,96699660,0.018829,107
764176930581,381781208129-67,553804151,0.018768,107
764261362890,381649637985-865,731036381,0.006248,105
764261365537,381654294429-272,7720436806,0.008102,105
764267971176,381768696540-228,2305899293,0.008545,105
764271621550,381768696540-354,2351156924,0.008545,105
764283174393,381781997399-926,321032898,0.002113,200
764292366356,381781997399-913,259398840,0.002113,200
764301071262,381781997399-2616,297018612,0.002113,200
764355964454,381781997399-2798,243579942,0.002113,200
764371789781,381781997399-2528,230270343,0.002113,200
764329223473,381781997399-7253,262200609,0.002113,200
764377476429,381781997399-6751,164068966,0.002113,200
764366255538,381782136028-227,2337860937,0.002026,119
764422915502,381782228214-3,11373564,0.002026,0
764442018336,381782014173-230,87396886,0.003433,107
764442018902,381780913232-90,147500926,0.002907,105
764447244526,381782014173-310,131899642,0.003433,107
764503542318,381780854276-405,2638634902,0.008453,105
764512682184,381780919629-101,177906259,0.008102,105
764522027594,381781208129-80,208707294,0.018768,107
764535580875,381783354256-19,150240264,0.006607,200
764543901449,381783355432-1895,134821883,0.002113,200
764553042004,381783355432-622,222963529,0.002113,200
764553043557,381783355432-2549,125678539,0.002113,200
764562149086,381783355432-2719,63463855,0.002113,200
764564616871,381654216675-4,21521959705,0.065308,105
764570926433,381783355432-5212,75394116,0.002113,200
764575095316,381654216768-26,21509142211,0.064819,100
764584557831,381783355432-8309,62505215,0.002113,200
764631774080,381783355432-6318,26362379,0.002113,200
764647677190,381783355432-8510,39697604,0.002113,200
764691067128,381781262234-142,564913363,0.006866,105
764752078815,381785551939-396,114449467,0.003696,107
764752078991,381786612192-20,534729845,0.027740,107
764761908235,381781325345-114,515582609,0.006958,105
764786703663,381781262234-1004,780017442,0.006866,105
764821061966,381787779110-16,210207699,0.002201,200
764946872161,381781273742-1360,59122912,0.003876,105
764947172362,381781273742-919,68660514,0.003876,105
765010197421,381781350321-55,433521841,0.009857,105
765056681120,381781349932-273,390435342,0.005020,105
765061237627,381781328105-92,67143764,0.003876,105
765072012025,381781328105-1573,76882418,0.003876,105
765073186762,381781328105-1316,56038308,0.003876,105
765081843681,381781771712-23,2679872477,0.002026,105
765084406428,381781353243-9,56366529,0.004929,105
765111032065,381781328105-487,50052116,0.003876,105
765180445162,381781347452-1085,558612809,0.007484,105
765209209991,381788353059-0,47932458,0.028625,200
765217951761,381781347452-1680,639790582,0.007484,105
765250423064,381781356381-1816,838904332,0.006866,105
765254600294,381781356381-37,803412194,0.006866,105
765260452044,381781356381-670,812320769,0.006866,105
765261580385,381781358695-1476,752509375,0.006432,105
765305654694,381781360704-253,625408097,0.004051,105
765320972510,381781362859-1707,78938136,0.007919,105
765361618780,381781358695-1228,1053010072,0.006432,105
765364909255,381788520504-62,103497736,0.003696,107
765364910324,381781366878-121,86395042,0.002907,105
765378841044,381781366878-2236,67506831,0.002907,105
765380151384,381781366878-2425,54909950,0.002907,105
765430091746,381781369655-564,74122211,0.003170,105
765438917099,381781380304-697,723454250,0.007751,105
765441215872,381781369655-2033,76315671,0.003170,105
765441230687,381781375115-1293,537747928,0.006340,105
765443868014,381781369655-1947,59311017,0.003170,105
765444046657,381781369655-2419,52384473,0.003170,105
765452604125,381781375115-1680,518174575,0.006340,105
765490118170,381781377180-387,585977720,0.006958,105
765490118410,381781377180-526,578112984,0.006958,105
765556222980,381781389823-518,931150681,0.004051,105
765556227530,381781398534-625,2467607415,0.007751,105
765558119595,381781398534-590,2424676278,0.007751,105
765572942959,381788870187-21,139842025,0.003521,0
765731735310,381781394461-778,1151899829,0.004051,105
765741891889,381781396227-1841,726843208,0.006866,105
765794526204,381781396227-1394,627596255,0.006866,105
765819995130,381790212712-29,100084186,0.010559,200
765842018979,381781399369-1116,536433251,0.006165,105
765848665990,381781399369-1759,478757260,0.006165,105
765861102654,381781411970-233,42723968,0.003960,105
765913121326,381790304497-14,458291753,0.029144,107
765913122640,381781409924-1619,56219787,0.004051,105
765921971710,381781409924-1678,44428153,0.004051,105
765979193348,381781412959-942,28067376,0.002995,105
765979193735,381781412959-1473,28075479,0.002995,105
766020485157,381790468088-9,13243053,0.002026,0
766041042595,381790378497-0,60589918,0.002026,107
766074050059,381781424449-1962,3728861,0.002907,105
766074335277,381781421941-1818,776927264,0.004051,105
766105550599,381790531172-48,80895774,0.003521,107
766105552334,381781426990-383,342363712,0.009689,105
766117486639,381781428078-1010,710917692,0.004051,105
766117487374,381781428078-1847,679515575,0.004051,105
766117493615,381781430208-2349,78373049,0.003876,105
766224183816,381790700663-65,545751988,0.029144,107
766224184422,381781438984-286,40600627,0.003609,105
766287101320,381781446029-175,186536602,0.004051,105
766296639911,381781437739-243,46401975,0.003696,105
766305617976,381781445475-38,382318364,0.006516,105
766322410427,381781445475-420,366138220,0.006516,105
766352007666,381781484029-89,323853643,0.007484,105
766356472071,381781447735-384,62760050,0.003696,105
766356473778,381781447735-2208,108483603,0.003696,105
766394346879,381781443195-163,643799631,0.010208,105
766406679015,381781450911-191,153072373,0.003609,105
766416806726,381781450911-1960,62491217,0.003609,105
766418172983,381781456673-1549,52355722,0.002907,105
766468951257,381793047154-38,352712825,0.022888,107
766468964399,381793047154-27,494775230,0.022888,107
766472838123,381793098421-0,25386614,0.001673,200
766487270922,381781467609-348,515799263,0.006866,105
766491957208,381781467609-1080,464424764,0.006866,105
766523338596,381781522252-98,211866594,0.004845,105
766523350591,381781498154-77,2099418596,0.004051,105
766531342478,381781469104-6,1093041883,0.007484,105
766554930601,381781469104-1062,564505055,0.007484,105
766554930846,381781471707-961,137779039,0.003609,105
766579346918,381781449972-752,56850069,0.010742,105
766587721277,381781498154-334,2193968376,0.004051,105
766594802506,381781482779-596,427928812,0.006866,105
766605756125,381781485230-1187,90359077,0.004318,105
766606945716,381781486510-762,51538889,0.003082,105
766659605043,381781485230-1100,54805228,0.004318,105
766660029364,381781486510-382,229871323,0.003082,105
766676446774,381789047766-1,926349220,0.006248,105
766676448102,381789047766-922,985707941,0.006248,105
766676448318,381789047766-1067,936456855,0.006248,105
766676448644,381789047766-1305,975107744,0.006248,105
766676448990,381789047766-1546,965783617,0.006248,105
766714788888,381781626610-6,63373458,0.003696,105
766724036419,381781498972-465,457846044,0.004051,105
766724036599,381781501669-19,583066631,0.006340,105
766728255177,381781501669-1977,537421094,0.006340,105
766786587460,381781509412-243,278081643,0.007660,105
766835299675,381781523768-497,685788713,0.006340,105
766839817733,381781509412-1109,459485165,0.007660,105
766843305045,381781523768-363,489730705,0.006340,105
766914221966,381790797353-26,183048578,0.024658,107
766959578563,381781632095-979,3845604592,0.004051,105
767063920258,381797877154-30,82417557,0.010559,200
767082267456,381781639425-599,61571406,0.003696,105
767096421752,381634607934-1054,1186790991,0.002731,105
767104858526,381780597053-358,975966165,0.004227,105
767107751314,381798954157-0,50405989,0.000793,200
767114443080,381781820843-496,345952357,0.020782,105
767150155867,381781641661-514,549133436,0.006783,105
767151336880,381781641661-1097,495367447,0.006783,105
767448684776,381799097564-0,105850305,0.004051,115
767448686924,381781702119-795,781795611,0.004051,105
767465543186,381797939915-51,605003075,0.022278,107
767465544076,381640456349-192,625051258,0.018829,105
767686287213,381800645955-63,570087862,0.022278,107
767735980187,381800762573-9,2652411301,0.017609,200
767796337907,381800846501-6,13377263,0.002026,0
767828375238,381653636971-3067,4308286472,0.008636,105
767836283445,381653636971-4595,4300408958,0.008636,105
767842008833,381653636971-6581,4107746953,0.008636,105
767849585192,381653636971-8042,88756594,0.008636,105
767871569273,381653636971-4857,4265128371,0.008636,105
767885184847,381780602848-1412,503248000,0.036072,107
767906107766,381653636971-4242,2222080587,0.008636,105
768011763375,381797751346-202,181048139,0.004051,105
768013079418,381796658018-996,36427581,0.004051,105
768057798370,381798979521-1297,66145187,0.006958,105
768057798940,381798979521-1686,67188625,0.006958,105
768114948114,381801226396-194,95752044,0.003433,107
768131517402,381801289729-127,406341444,0.000616,200
768131517976,381801289729-444,179455478,0.000616,200
768131520191,381801289729-2023,130364632,0.000616,200
768239334100,381801432947-56,111481868,0.010483,200
768262813146,381801457624-3,225019091,0.002201,200
768313584811,381801514741-45,918878041,0.040527,0
768430905424,381800437713-1250,553892521,0.007484,105
768442429835,381800457001-835,103523557,0.005104,105
768442431921,381800479573-360,71261018,0.002907,105
768442451998,381800479573-1,120598859,0.002907,105
768453779436,381800479573-933,124709985,0.002907,105
768473582709,381800479573-1808,100657687,0.002907,105
768490795179,381800479573-2239,84386643,0.002907,105
768667180285,381801971277-385,107739021,0.003433,107
768825962368,381802207103-0,10228654,0.000528,200
768848612907,381803207746-29,618956455,0.006958,107
768864927171,381780843413-306,273340560,0.004578,105
768913987954,381801138893-358,2967929651,0.007751,105
768913988726,381801140059-1019,578375455,0.007484,105
768923716160,381801140059-1089,586833238,0.007484,105
768984013270,381780984973-281,276222384,0.004402,105
768991371017,381780978542-800,620102832,0.001673,105
769036123912,381801263824-461,41498152,0.010559,105
769036124704,381801263824-957,52369055,0.010559,105
769036125836,381801263824-1780,52376576,0.010559,105
769046385244,381801263824-1840,42117826,0.010559,105
769094701081,381801327910-295,1869935310,0.007751,105
769156350923,381805565959-0,25985971,0.028625,200
769157534052,381801436126-538,85943971,0.004051,105
769157536342,381801436126-1979,66782190,0.004051,105
769219102359,381801403592-695,66040362,0.004051,105
769219104563,381801403592-2130,66052940,0.004051,105
769356448157,381806727278-72,292781265,0.012146,118
769413368394,381800575139-375,2277922443,0.006432,105
769413368478,381800575139-409,2503932873,0.006432,105
769413368739,381800575139-511,2503934438,0.006432,105
769469268450,381807829250-310,93523942,0.003696,107
769594696835,381802044225-1201,49273875,0.004051,105
769660571107,381802103786-686,61720363,0.008545,105
769660572457,381802103786-1581,68841338,0.008545,105
769660572941,381802103786-1933,61718309,0.008545,105
769660581648,381802103786-1423,64017632,0.008545,105
769768255703,381802171712-2442,46817270,0.003876,105
769845724251,381803316204-116,93918025,0.003876,105
769854094615,381803316204-711,73210197,0.003876,105
769855618091,381808337235-0,27076345,0.001673,200
769861689202,381803313595-932,750160488,0.008453,105
769866534255,381803313595-1445,743465368,0.008453,105
769868030120,381803316204-901,62582849,0.003876,105
769909479471,381803316204-1509,75961994,0.003876,105
769917879295,381808422045-10,216119893,0.002377,200
770129072454,381670177431-322,616092390,0.033875,0
770144635609,381809646106-2,100823686,0.000441,200
770150599505,381667764330-169,550001635,0.030731,0
770150601510,381809627229-287,921343224,0.040527,0
770205049091,381810819112-0,22944839,0.001673,200
770214882532,381668602603-363,502599857,0.034058,0
770222207264,381811829232-80,392201931,0.010559,200
770274475895,381811864670-117,6278640077,0.002026,200
770327423505,381780709676-24,376351588,0.011887,105
770327451432,381780977332-255,508169939,0.004051,105
770333364657,381780965237-1417,999696000,0.004051,105
770333366377,381807894887-28,1719673283,0.007751,105
770343189086,381781164109-34,733177538,0.016205,105
770388397337,381780977332-476,434612711,0.004051,105
770534044091,381814178165-0,23311549,0.001760,200
770572725443,381814169054-502,183139376,0.003170,105
770572725871,381814169054-717,219388294,0.003170,105
770577636221,381813020103-91,46789357,0.005638,105
770635062425,381814179395-859,940729060,0.011353,105
770641862127,381780972751-431,1824276782,0.004051,105
770641866577,381813034516-38,55196831,0.005638,105
770653841779,381780974753-732,1216591235,0.004051,105
770669552844,381780974753-1959,1170841769,0.004051,105
770677356627,381814187656-52,180836625,0.004135,105
770677357916,381667992771-139,27450319765,0.033203,103
770677385178,381668355804-23,10751646142,0.002026,103
770679147049,381814171282-921,661367893,0.005722,105
770698293364,381814178313-509,1898152463,0.009689,105
770719185674,381814171282-1362,599794325,0.005722,105
770732607526,381814171282-114,615874900,0.005722,105
770737582299,381307683980-112,64497352882,0.008102,0
770879190038,381307666465-1252,116539766680,0.014175,0
771186910162,381816292499-57,324815306,0.018585,115
771328099035,381816598041-0,25144454,0.001760,200
771456952841,381307690004-897,59362783268,0.008102,0
771586914507,381816995766-0,22624776,0.001673,200
771802520366,381819246628-375,151040347,0.003433,107
771815687813,381819346076-11,194911562,0.010559,200
771823060566,381800886612-404,158738144,0.009949,105
771825692841,381819371881-21,205518593,0.010559,200
772043970248,381820656006-55,1620913197,0.002026,118
772043970270,381820656006-66,1620913307,0.002026,118
772204953758,381820883523-0,23639441,0.001760,200
772504060733,381822294253-413,168101195,0.005989,200
772541205122,381822295595-7611,115992587,0.001585,200
772546204008,381822295595-8935,115269915,0.001585,200
772550353032,381822295595-8175,56720908,0.001585,200
772561636332,381822295595-7978,194751422,0.001585,200
772593731206,381822359605-188,412240737,0.014969,116
772601814244,381822471000-683,359283928,0.002907,0
772807437945,381822737853-0,24306665,0.001760,200
772830152954,381757424669-65,383488738,0.030731,0
772830153168,381757424669-161,992958602,0.030731,0
772841373175,381822774308-12,499058574,0.005989,200
772849765735,381822775682-1047,267462572,0.001585,200
773028816716,381823042886-0,29973103,0.001760,200
773089851184,381820802043-73,813812507,0.007919,105
773089853408,381820824577-1180,103301788,0.009857,105
773089855490,381820835081-490,3783373267,0.007133,105
773089873750,381820835081-248,3922623786,0.007133,105
773225721420,381824312115-122,14656128,0.025726,118
773292795551,381781152235-741,220779307,0.007751,105
773331381772,381822172126-271,455748487,0.010040,105
773388616100,381824617320-5,904946588,0.006958,107
773414614966,381824684563-0,888308099,0.013214,200
773435477720,381824707758-0,26673136,0.031250,200
773519454768,381824743118-951,249467883,0.004578,105
773582051108,381824758166-617,182313854,0.005463,105
773582052944,381825772304-908,233522490,0.002731,105
773609458935,381825835041-106,1300971346,0.055054,118
773616453803,381829046656-0,23695109,0.001673,200
773629893805,381830070671-0,26754432,0.001585,200
773647040762,381307661692-3583,103356014145,0.005669,0
773690468404,381814162634-335,2764114061,0.008102,105
773820758309,381822880678-1065,4675929144,0.006248,105
774128766401,381834745653-29,129036678,0.003433,107
774217378950,381823255907-1130,353755609,0.008713,105
774226571585,381835023416-0,24381380,0.001673,200
774260909360,381824492055-1184,4193327171,0.005814,105
774403559136,381835257672-4,11068085,0.002026,0
774418179670,381835273569-1062,1741493410,0.001585,200
774418180627,381835273569-1945,1732629646,0.001585,200
774427628899,381835273569-3235,1714080612,0.001585,200
774436540822,381835273569-2834,1703868332,0.001585,200
774436541819,381835273569-4517,1702581669,0.001585,200
774446865509,381835273569-7137,1773095820,0.001585,200
774447514451,381835273569-5534,1695062911,0.001585,200
774639626453,381800575139-2311,494705039,0.002907,105
774639626711,381800575139-2399,484280909,0.002907,105
774639627016,381800575139-2440,520240240,0.002907,105
774677439577,381835686216-0,28474344,0.001673,200
774711591661,381647135568-1349,41262368698,0.004578,105
774737206963,381835753432-280,125399090,0.003696,107
774737213290,381835753432-166,205964179,0.003696,107
774798674862,381835203816-101,188849941,0.003345,105
774798675442,381835203816-422,188852651,0.003345,105
774853471372,381647135568-1545,41125573885,0.004578,105
774860749840,381835211401-619,794688278,0.002819,105
774861382588,381835210247-523,690749042,0.001673,105
774867693998,381836965549-83,3024755685,0.012146,118
774909938423,381835210247-100,652168883,0.001673,105
774924912353,381825767709-3,309314712,0.004051,105
774981065221,381837064860-111,77565354,0.004051,105
775040379629,381837019864-91,58200395,0.004845,105
775167642756,381839317106-158,81734747,0.003521,107
775174058966,381835030198-1216,95141733,0.005898,105
775234177020,381839466157-0,66093347,0.031250,200
775330836657,381842576787-417,151276699,0.000616,200
775332547279,381814639892-747,1446533304,0.008102,105
775334925559,381842576787-734,127815449,0.000616,200
775336360198,381842576787-2623,125759540,0.000616,200
775347556861,381814639892-632,1673357522,0.008102,105
775560012665,381846853603-326,914544631,0.040527,0
775622474789,381846853603-182,916132992,0.040527,0
775639357066,381846948704-106,961594295,0.028015,200
775666178888,381846973416-355,22512746,0.002819,119
775844761717,381845742893-383,2069710032,0.008011,105
775906738026,381837169312-672,64329090,0.003696,105
776029648793,381854377547-770,50199097,0.007843,105
776029649865,381854377547-1484,50207909,0.007843,105
776029650657,381854377547-2086,50215335,0.007843,105
776029650743,381854377547-2149,50216103,0.007843,105
776040386081,381854606282-294,207758604,0.002907,105
776040386386,381854606282-485,197898822,0.002907,105
776040389541,381854614213-808,195614080,0.003258,105
776051496171,381711533491-0,49031836363,0.013199,103
776093639191,381757369504-1036,199522005535,0.001619,103
776098046672,381854733434-277,41360113,0.002819,119
776102922663,381757369504-699,211347147565,0.001619,103
776102922934,381757369504-1875,187615839416,0.001619,103
776112690095,381629500100-13,872380809,0.015503,103
776137297142,381825797433-62,961889407,0.008102,105
776159858278,381837110403-389,1247438623,0.005989,103
776164444112,381854874958-0,28069471,0.001760,200
776215394729,381759449782-1,221548634904,0.006607,103
776338745787,381855139346-762,219604264,0.002289,105
776349107290,381813072791-1457,7096707782,0.005898,103
776349116604,381813072791-1859,6477591211,0.005898,103
776459350647,381855360515-71,58385081,0.002907,119
776670285350,381856634869-0,41287965,0.031250,200
776765305656,381856593053-349,178215089,0.003170,105
776838028109,381781010899-1329,3904988741,0.008804,105
776892274209,381781010899-777,4541619069,0.008804,105
776946840170,381856944506-64,122492080,0.003696,107
777017230851,381857093564-0,18322192,0.001673,200
777075550336,381856936230-19,641149947,0.004051,116
777316356172,381857416798-147,1301791278,0.040527,0
777371019537,381857435876-398,108467603,0.003521,107
777502103110,381856991451-226,435460646,0.002026,105
777502104230,381856991451-821,435205431,0.002026,105
777502107526,381857118974-69,189724158,0.004051,105
777502116552,381856991451-2046,436583698,0.002026,105
777540058153,381857435873-207,354807310,0.002026,0
777636678090,381858659475-261,113091286,0.003433,107
777636678691,381856988701-1964,67777030,0.002907,105
777680827057,381814479546-559,11656203649,0.007217,103
777680847784,381814479546-906,11804268438,0.007217,103
777685396212,381854450266-798,587471655,0.004135,103
777695096940,381814479546-1170,11641935506,0.007217,103
777698874384,381814479546-1092,12142066422,0.007217,103
777747874446,381837177862-251,7219993611,0.006073,103
777747895116,381854452460-18,79516386,0.008194,103
777747895632,381854452460-668,131747142,0.008194,103
777752343223,381814479546-1460,11667428358,0.007217,103
777759152396,381854452460-877,78061243,0.008194,103
777759154432,381854452460-3475,77487894,0.008194,103
777759156511,381854452460-4779,87394893,0.008194,103
777759170200,381854452460-4829,177102627,0.008194,103
777759178154,381854452460-4374,87472807,0.008194,103
778169767312,381864350670-1,543073555,0.006783,107
778170739351,381864350855-261,81772600,0.003433,107
