,reward,profit,carbon_cost,excess_charge,max_profit
10000,"[0.0, 1.9284092478188954, 1.779870839964756, 1.1198661742572467, 0.16615430484311056, 0.6813370659062123, 2.593393187893366, 2.668838544870947, 2.3030581340654317, 2.5880121992686194, 2.9675334909199753, 1.1978927938348314, 0.6319214015336367, 0.0]","[0.0, 2.8586133195810115, 3.305307451357728, 2.3575244284304184, 0.26000000000000034, 0.8862563966334729, 3.8989896571281815, 3.8752026373223964, 3.351974469290414, 3.584509888452095, 3.839220824125966, 1.7764402150377294, 1.0615292952968645, 0.0]","[0.0, 0.9302040717621172, 1.5254366113929752, 1.2376582541731733, 0.09384569515688981, 0.20491933072726057, 1.3055098025681506, 1.2063640924514492, 1.0489163352249806, 0.9964976891834789, 0.8716873332059901, 0.5785474212028986, 0.4296078937632281, 0.0]","[0.0, 0.0, 0.0, 0.0, 0.0, 0.0, 8.666666666666716e-05, 0.0, 0.0, 0.0, 0.0, 0.0, 0.0, 0.0]","[0.0, 5.1469, 4.3765, 3.44796, 0.59904, 1.6096, 6.1300799999999995, 5.46974, 4.84142, 6.138119999999999, 5.3756200000000005, 2.9657199999999997, 1.8188799999999998, 0.0]"
20000,"[0.0, 1.8822752409880565, 1.6239170305886013, 1.0922493522768497, 0.1773013607224374, 0.6966474650665775, 2.506320147347865, 2.590147237971301, 2.2515428989722897, 2.593891574857711, 2.9595122808124343, 1.277165746685782, 0.6186826044148139, 0.0]","[0.0, 2.829775009235626, 3.113780997120864, 2.281717930974181, 0.2766400000000001, 0.9095276536385868, 3.772648802011861, 3.7512205813099255, 3.277913551061981, 3.579070545225642, 3.83349614783091, 1.91041808108584, 1.0554801464442565, 0.0]","[0.0, 0.9474997682475714, 1.4898639665322642, 1.1894685786973327, 0.0993386392775627, 0.21288018857200927, 1.2663286546639936, 1.161073343338622, 1.02637065208969, 0.985178970367934, 0.8739838670184752, 0.6332523344000575, 0.4367975420294425, 0.0]","[0.0, 0.0, 0.0, 0.0, 0.0, 0.0, 0.0, 0.0, 0.0, 0.0, 0.0, 0.0, 0.0, 0.0]","[0.0, 5.1469, 4.3765, 3.44796, 0.59904, 1.6096, 6.1300799999999995, 5.46974, 4.84142, 6.138119999999999, 5.3756200000000005, 2.9657199999999997, 1.8188799999999998, 0.0]"
30000,"[0.0, 1.8830367714844198, 1.6873857914478612, 1.107444733933904, 0.15815091618447505, 0.646404117286531, 2.614478613489527, 2.6070445109135885, 2.278855084526137, 2.6538288192026678, 2.9995248421726997, 1.301066684956497, 0.593203905243388, 0.0]","[0.0, 2.7890543018944203, 3.1979841116673136, 2.273633928911557, 0.24648000000000037, 0.843959732960757, 3.9441803115671643, 3.787893423042772, 3.3149495791030787, 3.6679791574651226, 3.889662634919012, 1.9346260387294576, 0.986257671799019, 0.0]","[0.0, 0.9060175304100003, 1.5105983202194542, 1.1661891949776542, 0.0883290838155253, 0.19755561567422608, 1.3296670314109722, 1.1808489121291847, 1.036094494576944, 1.0141503382624573, 0.8901204594129772, 0.6335593537729624, 0.39305376655563107, 0.0]","[0.0, 0.0, 0.0, 0.0, 0.0, 0.0, 3.4666666666666665e-05, 0.0, 0.0, 0.0, 1.7333333333333332e-05, 0.0, 0.0, 0.0]","[0.0, 5.1469, 4.3765, 3.44796, 0.59904, 1.6096, 6.1300799999999995, 5.46974, 4.84142, 6.138119999999999, 5.3756200000000005, 2.9657199999999997, 1.8188799999999998, 0.0]"
40000,"[0.0, 1.804495519459265, 1.7368705283591133, 1.1278526547156242, 0.19341976838444624, 0.6776293363342661, 2.661163924283265, 2.611095477214694, 2.239346751758983, 2.7972621843589875, 2.9403999013266247, 1.2535474730788727, 0.5680415898691459, 0.0]","[0.0, 2.692918512650436, 3.259145364600043, 2.355920343786642, 0.3010800000000007, 0.8849599191026747, 4.024450452351575, 3.791535252412539, 3.2481961827212205, 3.8637006746721103, 3.8070263648893143, 1.8531532987612334, 0.9673637571170359, 0.0]","[0.0, 0.8884229931911725, 1.5222748362409322, 1.2280676890710198, 0.10766023161555446, 0.2073305827684086, 1.3632691947349744, 1.1804397751978455, 1.0088494309622407, 1.066438490313122, 0.866557130229356, 0.5996058256823619, 0.39932216724788994, 0.0]","[0.0, 0.0, 0.0, 0.0, 0.0, 0.0, 1.7333333333333332e-05, 0.0, 0.0, 0.0, 6.933333333333333e-05, 0.0, 0.0, 0.0]","[0.0, 5.1469, 4.3765, 3.44796, 0.59904, 1.6096, 6.1300799999999995, 5.46974, 4.84142, 6.138119999999999, 5.3756200000000005, 2.9657199999999997, 1.8188799999999998, 0.0]"
50000,"[0.0, 1.8766658421266382, 1.6662958802889174, 1.1369484450392484, 0.21173901497362901, 0.7170076902441768, 2.480652246560987, 2.707719832656441, 2.300066320948752, 2.7002317009227084, 2.9906991248606882, 1.2338929451205136, 0.5826507151722685, 0.0]","[0.0, 2.792827774302515, 3.1591165253421347, 2.3465204509133364, 0.3291600000000011, 0.9406467215729994, 3.7406607251542, 3.9154701695936622, 3.3295679928854014, 3.7369916667070218, 3.8864358617915555, 1.8111945880107876, 0.9785485300482868, 0.0]","[0.0, 0.9161619321758777, 1.4928206450532198, 1.209572005874091, 0.11742098502637213, 0.22363903132882268, 1.2599391452598774, 1.207750336937222, 1.0295016719366508, 1.0367599657843152, 0.8956847369308658, 0.577301642890276, 0.39589781487601794, 0.0]","[0.0, 0.0, 0.0, 0.0, 0.0, 0.0, 6.933333333333333e-05, 0.0, 0.0, 0.0, 5.2e-05, 0.0, 0.0, 0.0]","[0.0, 5.1469, 4.3765, 3.44796, 0.59904, 1.6096, 6.1300799999999995, 5.46974, 4.84142, 6.138119999999999, 5.3756200000000005, 2.9657199999999997, 1.8188799999999998, 0.0]"
60000,"[0.0, 1.6797105165234485, 1.6871819291336965, 1.1318612144331985, 0.15245655885387357, 0.6882746747423706, 2.603275129470533, 2.690952815029832, 2.331419955352073, 2.74340741296517, 2.9710825123234126, 1.1004015404562766, 0.5971741245014861, 0.0]","[0.0, 2.521107135590196, 3.1925855871052042, 2.373917038775752, 0.24492000000000114, 0.9005028798798823, 3.9028217752030603, 3.8695089956085846, 3.418431039168172, 3.8041432839580365, 3.84427853634772, 1.6359368531647234, 1.0187412975883325, 0.0]","[0.0, 0.8413966190667483, 1.505403657971508, 1.242055824342555, 0.09246344114612755, 0.21222820513751164, 1.299511979065864, 1.1785561805787548, 1.0870110838160976, 1.0607358709928665, 0.8731786906909741, 0.5355353127084483, 0.42156717308684644, 0.0]","[0.0, 0.0, 0.0, 0.0, 0.0, 0.0, 3.466666666666691e-05, 0.0, 0.0, 0.0, 1.7333333333333332e-05, 0.0, 0.0, 0.0]","[0.0, 5.1469, 4.3765, 3.44796, 0.59904, 1.6096, 6.1300799999999995, 5.46974, 4.84142, 6.138119999999999, 5.3756200000000005, 2.9657199999999997, 1.8188799999999998, 0.0]"
70000,"[0.0, 1.9246517621395696, 1.6382087398236171, 1.2024533189117572, 0.2142716446212548, 0.6276479220323775, 2.6652753103046574, 2.593348823301538, 2.307494711924723, 2.8538959180629617, 2.9340836834074997, 1.292508102386822, 0.5452149587319811, 0.0]","[0.0, 2.9126301141416375, 3.103558932790343, 2.475939262092499, 0.3333200000000004, 0.821553356713374, 4.0198558899601675, 3.7648930789906547, 3.340706814594464, 3.939670913229721, 3.8004449541387646, 1.9043308663276624, 0.9074508832413937, 0.0]","[0.0, 0.9879783520020656, 1.4653501929667268, 1.273485943180744, 0.11904835537874559, 0.1939054346809967, 1.3545459129888455, 1.1715442556891191, 1.0332121026697432, 1.0857749951667608, 0.8663092707312657, 0.611822763940841, 0.36223592450941255, 0.0]","[0.0, 0.0, 0.0, 0.0, 0.0, 0.0, 3.466666666666691e-05, 0.0, 0.0, 0.0, 5.2e-05, 0.0, 0.0, 0.0]","[0.0, 5.1469, 4.3765, 3.44796, 0.59904, 1.6096, 6.1300799999999995, 5.46974, 4.84142, 6.138119999999999, 5.3756200000000005, 2.9657199999999997, 1.8188799999999998, 0.0]"
80000,"[0.0, 1.9557926229076206, 1.6971442671069366, 1.258023486614583, 0.1435620519966085, 0.7213241728727058, 2.5629891889881646, 2.7072314037999954, 2.3462789257725256, 2.902182365297345, 3.0701178166611536, 1.1929588061239267, 0.5802328510174193, 0.0]","[0.0, 2.9309637696894657, 3.23386940610213, 2.5629274820711396, 0.22567999999999966, 0.9288135674406786, 3.85275312539081, 3.9181030340875203, 3.4243767175763207, 4.004056372616235, 3.9763473096473687, 1.7906320938464022, 0.9786902632214257, 0.0]","[0.0, 0.9751711467818458, 1.5367251389951946, 1.3048866621232271, 0.08211794800339117, 0.20748939456797286, 1.2897639364026443, 1.2108716302875242, 1.078097791803794, 1.101874007318893, 0.9061774929862147, 0.5976732877224773, 0.3984574122040066, 0.0]","[0.0, 0.0, 0.0, 1.7333333333333332e-05, 0.0, 0.0, 0.0, 0.0, 0.0, 0.0, 5.2e-05, 0.0, 0.0, 0.0]","[0.0, 5.1469, 4.3765, 3.44796, 0.59904, 1.6096, 6.1300799999999995, 5.46974, 4.84142, 6.138119999999999, 5.3756200000000005, 2.9657199999999997, 1.8188799999999998, 0.0]"
90000,"[0.0, 1.8220952067031104, 1.6286896682478829, 1.2347432452198428, 0.1299378337298046, 0.712990386802671, 2.5032409625385292, 2.640470685898142, 2.3249140148859047, 2.9083997782583593, 3.036053321676775, 1.3092612127513819, 0.6188641117044053, 0.0]","[0.0, 2.722060345328115, 3.1117116284942656, 2.4960754835697303, 0.2069599999999996, 0.9272323798311588, 3.754642691371493, 3.819513349339423, 3.3735718255821596, 4.022320793867748, 3.9279670113856144, 1.9318113062958564, 1.066987919548903, 0.0]","[0.0, 0.899965138625001, 1.4830219602463846, 1.2613322383498884, 0.07702216627019497, 0.21424199302848754, 1.251401728832965, 1.179042663441283, 1.048657810696255, 1.1139210156093886, 0.8918616897088398, 0.6225500935444762, 0.44812380784449823, 0.0]","[0.0, 0.0, 0.0, 0.0, 0.0, 0.0, 0.0, 0.0, 0.0, 0.0, 5.2e-05, 0.0, 0.0, 0.0]","[0.0, 5.1469, 4.3765, 3.44796, 0.59904, 1.6096, 6.1300799999999995, 5.46974, 4.84142, 6.138119999999999, 5.3756200000000005, 2.9657199999999997, 1.8188799999999998, 0.0]"
100000,"[0.0, 1.807254715511444, 1.7543162874519718, 1.20772418102127, 0.1878596397039506, 0.7531072034591222, 2.525731337738151, 2.5736557006000087, 2.3162101404994306, 2.7578606654287827, 3.1330763392182495, 1.2637216173112782, 0.7128003482156756, 0.0]","[0.0, 2.6941149365722104, 3.2949788551582078, 2.474930162453656, 0.2948400000000001, 0.9870108832413933, 3.7993097412480683, 3.6918428668842527, 3.383316106939979, 3.8170933196065944, 4.0572578571355296, 1.8653095552019798, 1.1989292733313688, 0.0]","[0.0, 0.8868602210607666, 1.5406625677062378, 1.2672059814323884, 0.1069803602960495, 0.23390367978227075, 1.2735784035099187, 1.1181871662842457, 1.0671059664405487, 1.0592326541778143, 0.9241468512506134, 0.6015879378907032, 0.4861289251156935, 0.0]","[0.0, 0.0, 0.0, 0.0, 0.0, 0.0, 0.0, 0.0, 0.0, 0.0, 3.4666666666666665e-05, 0.0, 0.0, 0.0]","[0.0, 5.1469, 4.3765, 3.44796, 0.59904, 1.6096, 6.1300799999999995, 5.46974, 4.84142, 6.138119999999999, 5.3756200000000005, 2.9657199999999997, 1.8188799999999998, 0.0]"
110000,"[0.0, 1.8899954942420827, 1.677015457515691, 1.2178890017363324, 0.19805167856974826, 0.70343503298778, 2.585759416435684, 2.757008034299268, 2.3200064364285877, 2.6321120306691173, 2.85224745687945, 1.1475816985364808, 0.5487477011661581, 0.0]","[0.0, 2.8184320086440553, 3.1576440698752917, 2.48895894401762, 0.3119999999999996, 0.9074452241609787, 3.904644278985687, 3.989600932075833, 3.378042482372825, 3.646886469226668, 3.6961264437692845, 1.6940403968163864, 0.9092222828812543, 0.0]","[0.0, 0.9284365144019755, 1.480628612359601, 1.2710526089479566, 0.11394832143025134, 0.20401019117319846, 1.3188155292166683, 1.2325928977765657, 1.0580360459442366, 1.014774438557552, 0.8438443202231658, 0.546458698279907, 0.36047458171509605, 0.0]","[0.0, 0.0, 0.0, 1.7333333333333332e-05, 0.0, 0.0, 6.933333333333333e-05, 0.0, 0.0, 0.0, 3.4666666666666665e-05, 0.0, 0.0, 0.0]","[0.0, 5.1469, 4.3765, 3.44796, 0.59904, 1.6096, 6.1300799999999995, 5.46974, 4.84142, 6.138119999999999, 5.3756200000000005, 2.9657199999999997, 1.8188799999999998, 0.0]"
120000,"[0.0, 1.7929056668271444, 1.7896795014245346, 1.171485606907189, 0.18707350404775042, 0.7587295322101222, 2.595158033232476, 2.601742940940589, 2.3708091615923, 2.7168146404370876, 2.9618393348283276, 1.255760740711302, 0.6639013708684812, 0.0]","[0.0, 2.666375309873067, 3.339197961099115, 2.408113111097412, 0.29432000000000036, 0.9934605403098364, 3.899713556170585, 3.7661203571022623, 3.439607182637574, 3.768537900570009, 3.8341977346224843, 1.8618378180514488, 1.1064501233204185, 0.0]","[0.0, 0.8734696430459231, 1.5495184596745812, 1.2366275041902264, 0.10724649595224992, 0.2347310080997143, 1.3044861896047797, 1.1643774161616731, 1.068798021045274, 1.0517232601329227, 0.8723063997941566, 0.6060770773401478, 0.442548752451937, 0.0]","[0.0, 0.0, 0.0, 0.0, 0.0, 0.0, 6.933333333333357e-05, 0.0, 0.0, 0.0, 5.2e-05, 0.0, 0.0, 0.0]","[0.0, 5.1469, 4.3765, 3.44796, 0.59904, 1.6096, 6.1300799999999995, 5.46974, 4.84142, 6.138119999999999, 5.3756200000000005, 2.9657199999999997, 1.8188799999999998, 0.0]"
130000,"[0.0, 1.923834256761663, 1.7157542864418818, 1.172930681606518, 0.1769443756673843, 0.7458785238752667, 2.5318722375328035, 2.5999913027785375, 2.387991395939024, 2.7668970331685077, 3.0442050285305857, 1.195717004019175, 0.6240840680622728, 0.0]","[0.0, 2.8633836638074905, 3.1880445690778783, 2.4273328354699717, 0.28548000000000007, 0.9802908663992939, 3.8046194561502706, 3.7785001246234318, 3.4434211253399045, 3.815782329650907, 3.9488076233119185, 1.7580296309184984, 1.0250151820768343, 0.0]","[0.0, 0.939549407045829, 1.472290282635999, 1.2544021538634564, 0.10853562433261572, 0.23441234252402715, 1.2726778852841325, 1.178508821844894, 1.0554297294008852, 1.0488852964824038, 0.904585261447997, 0.5623126268993236, 0.40093111401456155, 0.0]","[0.0, 0.0, 0.0, 0.0, 0.0, 0.0, 6.933333333333333e-05, 0.0, 0.0, 0.0, 1.7333333333333332e-05, 0.0, 0.0, 0.0]","[0.0, 5.1469, 4.3765, 3.44796, 0.59904, 1.6096, 6.1300799999999995, 5.46974, 4.84142, 6.138119999999999, 5.3756200000000005, 2.9657199999999997, 1.8188799999999998, 0.0]"
140000,"[0.0, 1.9682277132090165, 1.7335560670733727, 1.2143410622076338, 0.1814784199483803, 0.7080868466380126, 2.684887339518833, 2.715999035194826, 2.3227591097074387, 2.6774452355146825, 3.063185353644498, 1.3007409807710424, 0.5862171652505196, 0.0]","[0.0, 2.93641364307229, 3.3017484031042965, 2.5192412056717113, 0.278200000000001, 0.9240025436207359, 4.0302780304073424, 3.9453907758609708, 3.3702913602995896, 3.7084839909483494, 3.966110743933507, 1.9309419027264965, 0.9869176871507835, 0.0]","[0.0, 0.9681859298632758, 1.568192336030925, 1.3049001434640803, 0.0967215800516207, 0.21591569698272325, 1.3453906908885105, 1.2293917406661456, 1.0475322505921518, 1.0310387554336669, 0.9028907236223455, 0.6302009219554553, 0.40070052190026384, 0.0]","[0.0, 0.0, 0.0, 0.0, 0.0, 0.0, 0.0, 0.0, 0.0, 0.0, 3.4666666666666665e-05, 0.0, 0.0, 0.0]","[0.0, 5.1469, 4.3765, 3.44796, 0.59904, 1.6096, 6.1300799999999995, 5.46974, 4.84142, 6.138119999999999, 5.3756200000000005, 2.9657199999999997, 1.8188799999999998, 0.0]"
150000,"[0.0, 1.8195612953789264, 1.7002624780238096, 1.1995049134314844, 0.18522971219933346, 0.7707009373453143, 2.6872074800888366, 2.7964830190453953, 2.278251638913534, 2.664487682290222, 3.0388664191114123, 1.1272474608615988, 0.5889652536072171, 0.0]","[0.0, 2.7043223308311743, 3.175937781097861, 2.492498620032254, 0.29068000000000016, 1.0070145580734073, 4.030879387086418, 4.0396983481946425, 3.2823578484638083, 3.6915026283006758, 3.922976218774344, 1.6675944413460146, 0.9884720095478949, 0.0]","[0.0, 0.8847610354522492, 1.4756753030740515, 1.2929937066007715, 0.10545028780066668, 0.23631362072809292, 1.3436025736642474, 1.2432153291492467, 1.0041062095502742, 1.027014946010455, 0.8840924663295994, 0.5403469804844176, 0.39950675594067775, 0.0]","[0.0, 0.0, 0.0, 0.0, 0.0, 0.0, 6.933333333333333e-05, 0.0, 0.0, 0.0, 1.7333333333333332e-05, 0.0, 0.0, 0.0]","[0.0, 5.1469, 4.3765, 3.44796, 0.59904, 1.6096, 6.1300799999999995, 5.46974, 4.84142, 6.138119999999999, 5.3756200000000005, 2.9657199999999997, 1.8188799999999998, 0.0]"
160000,"[0.0, 1.9361976480138796, 1.760579917672091, 1.2158627877010357, 0.16713278594351202, 0.6951146358869132, 2.352112567307662, 2.639114403940942, 2.3941072164324595, 2.6060965356431267, 3.1134608891794704, 1.2302793736610433, 0.5708065081485083, 0.0]","[0.0, 2.8622941531115833, 3.267853854074346, 2.5106445970520754, 0.2641600000000003, 0.9093360718620065, 3.522919920514524, 3.8099544613768233, 3.4695053244812866, 3.6054939433015134, 4.025439194678912, 1.8278157479343222, 0.9524841060090636, 0.0]","[0.0, 0.9260965050977057, 1.5072739364022552, 1.294781809351043, 0.09702721405648823, 0.21422143597509327, 1.1707726865401973, 1.1708400574358822, 1.075398108048829, 0.9993974076583888, 0.9119783054994408, 0.5975363742732807, 0.38167759786055505, 0.0]","[0.0, 0.0, 0.0, 0.0, 0.0, 0.0, 3.4666666666666665e-05, 0.0, 0.0, 0.0, 0.0, 0.0, 0.0, 0.0]","[0.0, 5.1469, 4.3765, 3.44796, 0.59904, 1.6096, 6.1300799999999995, 5.46974, 4.84142, 6.138119999999999, 5.3756200000000005, 2.9657199999999997, 1.8188799999999998, 0.0]"
170000,"[0.0, 1.781837518182641, 1.6922115821060346, 1.1553325784232007, 0.16129928081607095, 0.8134192780276945, 2.7493170148986503, 2.590588283448421, 2.2806202353325897, 2.7053247481568863, 3.096481125498644, 1.2269776120278009, 0.5762572890251789, 0.0]","[0.0, 2.669103029317245, 3.1605764347968175, 2.3993057453425846, 0.2527200000000006, 1.0744612091266152, 4.141998481533247, 3.739679075911445, 3.297241738619716, 3.7403783591824262, 3.9989288862550336, 1.8355838304504153, 0.9490979812617185, 0.0]","[0.0, 0.8872655111346064, 1.4683648526907844, 1.2439731669193876, 0.09142071918392969, 0.26104193109892104, 1.3926294666346, 1.1490907924630238, 1.0166215032871295, 1.0350536110255402, 0.9024477607563894, 0.608606218422615, 0.37284069223653943, 0.0]","[0.0, 0.0, 0.0, 0.0, 0.0, 0.0, 5.2e-05, 0.0, 0.0, 0.0, 0.0, 0.0, 0.0, 0.0]","[0.0, 5.1469, 4.3765, 3.44796, 0.59904, 1.6096, 6.1300799999999995, 5.46974, 4.84142, 6.138119999999999, 5.3756200000000005, 2.9657199999999997, 1.8188799999999998, 0.0]"
180000,"[0.0, 1.8145943947550551, 1.6789610480705137, 1.1951743939084538, 0.15946643307888494, 0.7585707685553559, 2.65764777772581, 2.664929380789134, 2.3575698160173597, 2.836683865536241, 3.069496752758286, 1.2709632640930282, 0.5788415000454751, 0.0]","[0.0, 2.7170708727933657, 3.1039828519039863, 2.451265091027897, 0.2511600000000004, 0.9974467777082027, 3.99913132447865, 3.843490868614017, 3.410338971675547, 3.9187685701092048, 3.985497044761302, 1.8618725499834285, 0.9827497171098677, 0.0]","[0.0, 0.9024764780383117, 1.4250218038334743, 1.2560906971194463, 0.09169356692111542, 0.2388760091528467, 1.3414662134195094, 1.1785614878248813, 1.05276915565819, 1.0820847045729638, 0.9159656253363497, 0.5909092858904017, 0.4039082170643925, 0.0]","[0.0, 0.0, 0.0, 0.0, 0.0, 0.0, 1.7333333333333332e-05, 0.0, 0.0, 0.0, 3.4666666666666665e-05, 0.0, 0.0, 0.0]","[0.0, 5.1469, 4.3765, 3.44796, 0.59904, 1.6096, 6.1300799999999995, 5.46974, 4.84142, 6.138119999999999, 5.3756200000000005, 2.9657199999999997, 1.8188799999999998, 0.0]"
190000,"[0.0, 1.842113030794797, 1.6343794227814437, 1.2139496505421736, 0.13361424049599202, 0.8162414197265329, 2.5428648039460677, 2.5113125923821005, 2.3848638621431926, 2.6636092177228736, 2.979065872567839, 1.249426798779451, 0.6821959051947106, 0.0]","[0.0, 2.7488779007392914, 3.13934010914354, 2.4862735345956213, 0.20852000000000048, 1.0636313958649244, 3.8329711744140567, 3.6285156551325897, 3.4707667063616743, 3.688790058397067, 3.873000242922402, 1.838789555201981, 1.1679471848444445, 0.0]","[0.0, 0.9067648699444949, 1.5049606863620972, 1.272323884053451, 0.07490575950400846, 0.24738997613839123, 1.290106370467987, 1.1172030627504932, 1.0859028442184826, 1.0251808406741947, 0.8938823703545649, 0.5893627564225323, 0.485751279649734, 0.0]","[0.0, 0.0, 0.0, 0.0, 0.0, 0.0, 2.4632148173016805e-19, 0.0, 0.0, 0.0, 5.2e-05, 0.0, 0.0, 0.0]","[0.0, 5.1469, 4.3765, 3.44796, 0.59904, 1.6096, 6.1300799999999995, 5.46974, 4.84142, 6.138119999999999, 5.3756200000000005, 2.9657199999999997, 1.8188799999999998, 0.0]"
200000,"[0.0, 1.879450152269029, 1.6721445201297844, 1.1990866885641895, 0.09626643122856521, 0.7437649475641233, 2.6160761919444036, 2.5152455958414768, 2.3126962857539413, 2.565926862645317, 3.029061094145823, 1.1782007244144213, 0.6173567435866987, 0.0]","[0.0, 2.814283618271352, 3.2393504304686522, 2.4985559091252068, 0.14976000000000023, 0.9722509729357721, 3.924105799510071, 3.6494695716897816, 3.358237186280322, 3.555745615844049, 3.926051695304011, 1.7383918961112894, 1.0407968713676903, 0.0]","[0.0, 0.9348334660023254, 1.5672059103388685, 1.2994692205610197, 0.05349356877143501, 0.22848602537164917, 1.3079602742323364, 1.134223975848307, 1.0455409005263798, 0.9898187531987371, 0.8969906011581901, 0.5601911716968692, 0.4234401277809915, 0.0]","[0.0, 0.0, 0.0, 0.0, 0.0, 0.0, 6.933333333333333e-05, 0.0, 0.0, 0.0, 0.0, 0.0, 0.0, 0.0]","[0.0, 5.1469, 4.3765, 3.44796, 0.59904, 1.6096, 6.1300799999999995, 5.46974, 4.84142, 6.138119999999999, 5.3756200000000005, 2.9657199999999997, 1.8188799999999998, 0.0]"
210000,"[0.0, 1.7668690191153178, 1.6805421680424206, 1.1595196129433465, 0.16670144096638145, 0.7318877975671356, 2.6254778961032077, 2.411436155611966, 2.433888604099113, 2.7197043500496028, 3.1029858590640087, 1.2807645040152549, 0.5379142652940859, 0.0]","[0.0, 2.6234229632588275, 3.184286316496614, 2.4114049500326136, 0.26000000000000034, 0.9542076803794616, 3.9426287566269878, 3.491112715613023, 3.5216741924613477, 3.7667880278290435, 4.019817201759055, 1.892986725447833, 0.9153343027271312, 0.0]","[0.0, 0.8565539441435104, 1.503744148454194, 1.2518853370892693, 0.09329855903361887, 0.22231988281232568, 1.317133527190445, 1.0796765600010598, 1.0877855883622334, 1.047083677779442, 0.9168313426950451, 0.6122222214325798, 0.3774200374330454, 0.0]","[0.0, 0.0, 0.0, 0.0, 0.0, 0.0, 1.7333333333333332e-05, 0.0, 0.0, 0.0, 0.0, 0.0, 0.0, 0.0]","[0.0, 5.1469, 4.3765, 3.44796, 0.59904, 1.6096, 6.1300799999999995, 5.46974, 4.84142, 6.138119999999999, 5.3756200000000005, 2.9657199999999997, 1.8188799999999998, 0.0]"
220000,"[0.0, 1.7475580982783951, 1.7187517056692792, 1.1564585624916495, 0.16864069812341972, 0.748288668493785, 2.5301169027676877, 2.5429566484102324, 2.3015646508065686, 2.8188529945032514, 3.0616095526765883, 1.2277063184095145, 0.6644085439333075, 0.0]","[0.0, 2.5990231864232, 3.265174852909652, 2.3997201140104623, 0.2662400000000006, 0.9769869491218108, 3.802509144367079, 3.6706460117587323, 3.33552794563319, 3.8989096747222836, 3.9728866664562736, 1.7956242974394923, 1.089387335555406, 0.0]","[0.0, 0.8514650881448051, 1.5464231472403738, 1.2432442181854815, 0.09759930187658088, 0.22869828062802597, 1.272374908266057, 1.127689363348498, 1.033963294826622, 1.0800566802190332, 0.9112424471130183, 0.5679179790299784, 0.4249787916220987, 0.0]","[0.0, 0.0, 0.0, 1.7333333333333332e-05, 0.0, 0.0, 1.7333333333333332e-05, 0.0, 0.0, 0.0, 3.4666666666666665e-05, 0.0, 0.0, 0.0]","[0.0, 5.1469, 4.3765, 3.44796, 0.59904, 1.6096, 6.1300799999999995, 5.46974, 4.84142, 6.138119999999999, 5.3756200000000005, 2.9657199999999997, 1.8188799999999998, 0.0]"
230000,"[0.0, 1.8763331168417288, 1.6516371165606423, 1.2204752118085864, 0.16699091556445508, 0.7538912688415439, 2.493389333259063, 2.5365029571615563, 2.256393893018669, 2.815796920041024, 3.0339901487302687, 1.1634834767340443, 0.6049049145962249, 0.0]","[0.0, 2.806481992268201, 3.1316824063830087, 2.4563057479069257, 0.2537600000000011, 0.989394062690805, 3.743821693098154, 3.6702215359558013, 3.2891307261621883, 3.8937321796341813, 3.9284481807437097, 1.7378987020168146, 1.0178709299810482, 0.0]","[0.0, 0.9301488754264706, 1.480045289822368, 1.235830536098341, 0.08676908443554598, 0.2355027938492612, 1.2503976931724252, 1.1337185787942472, 1.032736833143519, 1.077935259593159, 0.8944233653467755, 0.5744152252827716, 0.4129660153848233, 0.0]","[0.0, 0.0, 0.0, 0.0, 0.0, 0.0, 3.4666666666666665e-05, 0.0, 0.0, 0.0, 3.4666666666666665e-05, 0.0, 0.0, 0.0]","[0.0, 5.1469, 4.3765, 3.44796, 0.59904, 1.6096, 6.1300799999999995, 5.46974, 4.84142, 6.138119999999999, 5.3756200000000005, 2.9657199999999997, 1.8188799999999998, 0.0]"
240000,"[0.0, 1.7471279382723348, 1.625061456356681, 1.195598641881116, 0.18222412407847294, 0.7516072417705866, 2.6545930449145496, 2.610797333600003, 2.3375887886887963, 2.705254924481989, 2.954315534822345, 1.2940169827080987, 0.6203299591286585, 0.0]","[0.0, 2.6013158361100084, 3.1578320778706526, 2.4748931247889314, 0.2932800000000009, 0.9770412441875143, 4.008834570624829, 3.755871543194664, 3.404653599742662, 3.751180148735356, 3.83137022868065, 1.9115199076456382, 1.0490253318999059, 0.0]","[0.0, 0.8541878978376748, 1.5327706215139711, 1.2792944829078186, 0.11105587592152795, 0.22543400241692785, 1.3542068590436083, 1.1450742095946622, 1.067064811053868, 1.045925224253367, 0.8770026938583038, 0.617502924937541, 0.4286953727712473, 0.0]","[0.0, 0.0, 0.0, 0.0, 0.0, 0.0, 3.466666666666691e-05, 0.0, 0.0, 0.0, 5.2e-05, 0.0, 0.0, 0.0]","[0.0, 5.1469, 4.3765, 3.44796, 0.59904, 1.6096, 6.1300799999999995, 5.46974, 4.84142, 6.138119999999999, 5.3756200000000005, 2.9657199999999997, 1.8188799999999998, 0.0]"
250000,"[0.0, 1.7533756454980214, 1.8126801544289044, 1.1843175854138626, 0.15243749096029585, 0.735619774861006, 2.634243833982482, 2.573063755640386, 2.3503846174130616, 2.774047282252255, 3.0267236494098637, 1.3236739105821869, 0.6112596875617604, 0.0]","[0.0, 2.6099945899946557, 3.4120592480254843, 2.4763164375468545, 0.23607999999999918, 0.9642750654860954, 3.959685075872672, 3.7337458479167482, 3.445741341979116, 3.8487055653652544, 3.915144293091414, 1.9459645540691526, 1.0302987322986006, 0.0]","[0.0, 0.8566189444966338, 1.5993790935965797, 1.2919641854663264, 0.08364250903970333, 0.22865529062508946, 1.3254412418901886, 1.160682092276362, 1.095356724566058, 1.0746582831130005, 0.8884033103482201, 0.622290643486968, 0.4190390447368403, 0.0]","[0.0, 0.0, 0.0, 3.4666666666666665e-05, 0.0, 0.0, 0.0, 0.0, 0.0, 0.0, 1.7333333333333332e-05, 0.0, 0.0, 0.0]","[0.0, 5.1469, 4.3765, 3.44796, 0.59904, 1.6096, 6.1300799999999995, 5.46974, 4.84142, 6.138119999999999, 5.3756200000000005, 2.9657199999999997, 1.8188799999999998, 0.0]"
