 ,0:00,0:05,0:10,0:15,0:20,0:25,0:30,0:35,0:40,0:45,0:50,0:55,1:00,1:05,1:10,1:15,1:20,1:25,1:30,1:35,1:40,1:45,1:50,1:55,2:00,2:05,2:10,2:15,2:20,2:25,2:30,2:35,2:40,2:45,2:50,2:55,3:00,3:05,3:10,3:15,3:20,3:25,3:30,3:35,3:40,3:45,3:50,3:55,4:00,4:05,4:10,4:15,4:20,4:25,4:30,4:35,4:40,4:45,4:50,4:55,5:00,5:05,5:10,5:15,5:20,5:25,5:30,5:35,5:40,5:45,5:50,5:55,6:00,6:05,6:10,6:15,6:20,6:25,6:30,6:35,6:40,6:45,6:50,6:55,7:00,7:05,7:10,7:15,7:20,7:25,7:30,7:35,7:40,7:45,7:50,7:55,8:00,8:05,8:10,8:15,8:20,8:25,8:30,8:35,8:40,8:45,8:50,8:55,9:00,9:05,9:10,9:15,9:20,9:25,9:30,9:35,9:40,9:45,9:50,9:55,10:00,10:05,10:10,10:15,10:20,10:25,10:30,10:35,10:40,10:45,10:50,10:55,11:00,11:05,11:10,11:15,11:20,11:25,11:30,11:35,11:40,11:45,11:50,11:55,12:00,12:05,12:10,12:15,12:20,12:25,12:30,12:35,12:40,12:45,12:50,12:55,13:00,13:05,13:10,13:15,13:20,13:25,13:30,13:35,13:40,13:45,13:50,13:55,14:00,14:05,14:10,14:15,14:20,14:25,14:30,14:35,14:40,14:45,14:50,14:55,15:00,15:05,15:10,15:15,15:20,15:25,15:30,15:35,15:40,15:45,15:50,15:55,16:00,16:05,16:10,16:15,16:20,16:25,16:30,16:35,16:40,16:45,16:50,16:55,17:00,17:05,17:10,17:15,17:20,17:25,17:30,17:35,17:40,17:45,17:50,17:55,18:00,18:05,18:10,18:15,18:20,18:25,18:30,18:35,18:40,18:45,18:50,18:55,19:00,19:05,19:10,19:15,19:20,19:25,19:30,19:35,19:40,19:45,19:50,19:55,20:00,20:05,20:10,20:15,20:20,20:25,20:30,20:35,20:40,20:45,20:50,20:55,21:00,21:05,21:10,21:15,21:20,21:25,21:30,21:35,21:40,21:45,21:50,21:55,22:00,22:05,22:10,22:15,22:20,22:25,22:30,22:35,22:40,22:45,22:50,22:55,23:00,23:05,23:10,23:15,23:20,23:25,23:30,23:35,23:40,23:45,23:50,23:55,00:00.1
Hour-ahead forecast 05/01/2019,21850,21614,21614,21614,21377,21377,21377,21144,21144,21144,20895,20895,20895,20759,20759,20759,20564,20564,20564,20440,20440,20440,20293,20293,20293,20197,20197,20197,20043,20043,20043,19851,19851,19851,19803,19803,19803,19873,19873,19873,19857,19857,19857,19824,19824,19824,19990,19990,19990,20095,20095,20095,20246,20246,20246,20442,20442,20442,20625,20625,20625,21114,21114,21114,21497,21497,21497,21856,21856,21856,22299,22299,22299,22910,22910,22910,23328,23328,23328,23597,23597,23597,23891,23891,23891,24295,24295,24295,24556,24556,24556,24407,24407,24407,24306,24306,24306,24164,24164,24164,24094,24094,24094,23953,23953,23953,23742,23742,23742,23663,23663,23663,23547,23547,23547,23392,23392,23392,23338,23338,23338,23017,23017,23017,22874,22874,22874,22647,22647,22647,22480,22480,22480,22425,22425,22425,22311,22311,22311,22130,22130,22130,21949,21949,21949,21971,21971,21971,21944,21944,21944,21979,21979,21979,22054,22054,22054,22223,22223,22223,22319,22319,22319,22210,22210,22210,22321,22321,22321,22351,22351,22351,22466,22466,22466,22560,22560,22560,22701,22701,22701,22744,22744,22744,22907,22907,22907,23107,23107,23107,23343,23343,23343,23467,23467,23467,23666,23666,23666,23932,23932,23932,24124,24124,24124,24364,24364,24364,24589,24589,24589,24974,24974,24974,25112,25112,25112,25513,25513,25513,25778,25778,25778,26067,26067,26067,26297,26297,26297,26535,26535,26535,26750,26750,26750,27146,27146,27146,27650,27650,27650,28029,28029,28029,28177,28177,28177,27979,27979,27979,27652,27652,27652,27382,27382,27382,27037,27037,27037,26683,26683,26683,26178,26178,26178,25538,25538,25538,24994,24994,24994,24436,24436,24436,23831,23831,23831,23359,23359,23359,22933,22933,22933,22605,22605,22605,22270,22270,22270
Hour-ahead forecast 05/02/2019,22170,21980,21980,21980,21755,21755,21755,21524,21524,21524,21269,21269,21269,21026,21026,21026,20821,20821,20821,20609,20609,20609,20528,20528,20528,20317,20317,20317,20207,20207,20207,20098,20098,20098,20026,20026,20026,19963,19963,19963,19949,19949,19949,19904,19904,19904,19948,19948,19948,20124,20124,20124,20231,20231,20231,20490,20490,20490,20677,20677,20677,21166,21166,21166,21519,21519,21519,21893,21893,21893,22220,22220,22220,22711,22711,22711,23093,23093,23093,23402,23402,23402,23692,23692,23692,24180,24180,24180,24432,24432,24432,24308,24308,24308,24016,24016,24016,23987,23987,23987,23893,23893,23893,23784,23784,23784,23818,23818,23818,23779,23779,23779,23694,23694,23694,23658,23658,23658,23444,23444,23444,23385,23385,23385,23287,23287,23287,23009,23009,23009,22824,22824,22824,22773,22773,22773,22684,22684,22684,22791,22791,22791,22720,22720,22720,22821,22821,22821,22762,22762,22762,22658,22658,22658,22859,22859,22859,23561,23561,23561,23787,23787,23787,23217,23217,23217,23335,23335,23335,23324,23324,23324,23457,23457,23457,23475,23475,23475,23616,23616,23616,23727,23727,23727,23908,23908,23908,23960,23960,23960,24174,24174,24174,24442,24442,24442,24574,24574,24574,24791,24791,24791,24957,24957,24957,25410,25410,25410,25631,25631,25631,25940,25940,25940,25835,25835,25835,26282,26282,26282,26505,26505,26505,26693,26693,26693,26920,26920,26920,27196,27196,27196,27465,27465,27465,27741,27741,27741,28213,28213,28213,28587,28587,28587,28717,28717,28717,28475,28475,28475,28092,28092,28092,27569,27569,27569,27200,27200,27200,26822,26822,26822,26355,26355,26355,25838,25838,25838,25300,25300,25300,24758,24758,24758,24277,24277,24277,23783,23783,23783,23368,23368,23368,22987,22987,22987,22580,22580,22580
Hour-ahead forecast 5/03/2019,22445,22254,22254,22254,21996,21996,21996,21726,21726,21726,21511,21511,21511,21199,21199,21199,20998,20998,20998,20824,20824,20824,20679,20679,20679,20531,20531,20531,20420,20420,20420,20319,20319,20319,20195,20195,20195,20180,20180,20180,20148,20148,20148,20198,20198,20198,20195,20195,20195,20364,20364,20364,20459,20459,20459,20637,20637,20637,20759,20759,20759,21194,21194,21194,21526,21526,21526,21934,21934,21934,22216,22216,22216,22896,22896,22896,23244,23244,23244,23479,23479,23479,23843,23843,23843,24221,24221,24221,24454,24454,24454,24335,24335,24335,24209,24209,24209,24195,24195,24195,24139,24139,24139,23948,23948,23948,23973,23973,23973,23813,23813,23813,23612,23612,23612,23537,23537,23537,23444,23444,23444,23500,23500,23500,23444,23444,23444,23433,23433,23433,23427,23427,23427,23160,23160,23160,23095,23095,23095,22927,22927,22927,22822,22822,22822,22768,22768,22768,22762,22762,22762,22859,22859,22859,22959,22959,22959,23002,23002,23002,23137,23137,23137,23155,23155,23155,23236,23236,23236,23360,23360,23360,23491,23491,23491,23570,23570,23570,23698,23698,23698,23764,23764,23764,23955,23955,23955,24143,24143,24143,24342,24342,24342,24511,24511,24511,24722,24722,24722,25071,25071,25071,25207,25207,25207,25369,25369,25369,25612,25612,25612,26013,26013,26013,26159,26159,26159,26405,26405,26405,26590,26590,26590,26702,26702,26702,26868,26868,26868,27153,27153,27153,27261,27261,27261,27455,27455,27455,27913,27913,27913,28028,28028,28028,28155,28155,28155,27987,27987,27987,27625,27625,27625,27315,27315,27315,27025,27025,27025,26713,26713,26713,26282,26282,26282,25821,25821,25821,25356,25356,25356,24918,24918,24918,24417,24417,24417,24040,24040,24040,23629,23629,23629,23254,23254,23254,22843,22843,22843
Hour-ahead forecast 5/04/2019,22716,22518,22518,22518,22253,22253,22253,21730,21730,21730,21543,21543,21543,21219,21219,21219,20991,20991,20991,20775,20775,20775,20615,20615,20615,20469,20469,20469,20326,20326,20326,20214,20214,20214,20103,20103,20103,20030,20030,20030,19962,19962,19962,19846,19846,19846,19845,19845,19845,19906,19906,19906,19912,19912,19912,19967,19967,19967,20046,20046,20046,20197,20197,20197,20336,20336,20336,20500,20500,20500,20555,20555,20555,20646,20646,20646,20636,20636,20636,20696,20696,20696,20792,20792,20792,20995,20995,20995,21158,21158,21158,21158,21158,21158,21209,21209,21209,21272,21272,21272,21323,21323,21323,21185,21185,21185,21163,21163,21163,21132,21132,21132,21095,21095,21095,20856,20856,20856,20711,20711,20711,20479,20479,20479,20348,20348,20348,20023,20023,20023,19846,19846,19846,19634,19634,19634,19561,19561,19561,19504,19504,19504,19518,19518,19518,19562,19562,19562,19584,19584,19584,19653,19653,19653,19666,19666,19666,19756,19756,19756,19827,19827,19827,19911,19911,19911,20006,20006,20006,20097,20097,20097,20248,20248,20248,20366,20366,20366,20609,20609,20609,20709,20709,20709,20924,20924,20924,21241,21241,21241,21515,21515,21515,21657,21657,21657,21916,21916,21916,22279,22279,22279,22558,22558,22558,22868,22868,22868,23145,23145,23145,23616,23616,23616,23836,23836,23836,24340,24340,24340,24582,24582,24582,24764,24764,24764,24922,24922,24922,25324,25324,25324,25478,25478,25478,25709,25709,25709,26160,26160,26160,26348,26348,26348,26502,26502,26502,26300,26300,26300,26007,26007,26007,25780,25780,25780,25523,25523,25523,25214,25214,25214,24856,24856,24856,24417,24417,24417,24036,24036,24036,23671,23671,23671,23308,23308,23308,22877,22877,22877,22510,22510,22510,22133,22133,22133,21836,21836,21836
Hour-ahead forecast 5/05/2019,21687,21470,21470,21470,21220,21220,21220,21029,21029,21029,20686,20686,20686,20437,20437,20437,20240,20240,20240,20035,20035,20035,19822,19822,19822,19637,19637,19637,19494,19494,19494,19423,19423,19423,19342,19342,19342,19202,19202,19202,19121,19121,19121,19035,19035,19035,19021,19021,19021,19069,19069,19069,19055,19055,19055,19072,19072,19072,19103,19103,19103,19101,19101,19101,19170,19170,19170,19266,19266,19266,19207,19207,19207,19179,19179,19179,19137,19137,19137,19154,19154,19154,19161,19161,19161,19371,19371,19371,19445,19445,19445,19424,19424,19424,19406,19406,19406,19568,19568,19568,19571,19571,19571,19432,19432,19432,19472,19472,19472,19222,19222,19222,19123,19123,19123,18929,18929,18929,18568,18568,18568,18452,18452,18452,18296,18296,18296,18193,18193,18193,18135,18135,18135,18008,18008,18008,17907,17907,17907,17838,17838,17838,17804,17804,17804,17693,17693,17693,17669,17669,17669,17739,17739,17739,17789,17789,17789,17818,17818,17818,17880,17880,17880,17876,17876,17876,17960,17960,17960,18000,18000,18000,18122,18122,18122,18301,18301,18301,18504,18504,18504,18719,18719,18719,18955,18955,18955,19349,19349,19349,19573,19573,19573,19827,19827,19827,20106,20106,20106,20363,20363,20363,20828,20828,20828,21220,21220,21220,21592,21592,21592,22156,22156,22156,22406,22406,22406,22779,22779,22779,23093,23093,23093,23447,23447,23447,23586,23586,23586,23920,23920,23920,24178,24178,24178,24579,24579,24579,25142,25142,25142,25567,25567,25567,25835,25835,25835,25711,25711,25711,25213,25213,25213,24937,24937,24937,24654,24654,24654,24347,24347,24347,23979,23979,23979,23690,23690,23690,23250,23250,23250,22839,22839,22839,22295,22295,22295,21904,21904,21904,21528,21528,21528,21190,21190,21190,20900,20900,20900
Hour-ahead forecast 5/06/2019,20883,20723,20723,20723,20543,20543,20543,20245,20245,20245,20035,20035,20035,19895,19895,19895,19739,19739,19739,19613,19613,19613,19464,19464,19464,19412,19412,19412,19329,19329,19329,19271,19271,19271,19222,19222,19222,19245,19245,19245,19255,19255,19255,19275,19275,19275,19310,19310,19310,19516,19516,19516,19642,19642,19642,19800,19800,19800,20049,20049,20049,20437,20437,20437,20850,20850,20850,21286,21286,21286,21612,21612,21612,22093,22093,22093,22480,22480,22480,22844,22844,22844,23217,23217,23217,23783,23783,23783,24039,24039,24039,24115,24115,24115,24148,24148,24148,24305,24305,24305,24347,24347,24347,24217,24217,24217,24253,24253,24253,24167,24167,24167,24125,24125,24125,24080,24080,24080,24203,24203,24203,24211,24211,24211,24184,24184,24184,24046,24046,24046,23926,23926,23926,23780,23780,23780,23684,23684,23684,23682,23682,23682,23822,23822,23822,23677,23677,23677,23441,23441,23441,23424,23424,23424,23441,23441,23441,23460,23460,23460,23494,23494,23494,23372,23372,23372,23262,23262,23262,23354,23354,23354,23297,23297,23297,23161,23161,23161,23151,23151,23151,23263,23263,23263,23375,23375,23375,23496,23496,23496,23751,23751,23751,23737,23737,23737,23830,23830,23830,23955,23955,23955,24164,24164,24164,24605,24605,24605,24839,24839,24839,24989,24989,24989,25224,25224,25224,25326,25326,25326,25556,25556,25556,25832,25832,25832,26041,26041,26041,26282,26282,26282,26534,26534,26534,26942,26942,26942,27501,27501,27501,27806,27806,27806,28019,28019,28019,27794,27794,27794,27359,27359,27359,26969,26969,26969,26594,26594,26594,26102,26102,26102,25649,25649,25649,25095,25095,25095,24563,24563,24563,24060,24060,24060,23545,23545,23545,23146,23146,23146,22764,22764,22764,22394,22394,22394,22029,22029,22029
Hour-ahead forecast 5/07/2019,21960,21780,21780,21780,21565,21565,21565,21237,21237,21237,21018,21018,21018,20824,20824,20824,20634,20634,20634,20441,20441,20441,20315,20315,20315,20206,20206,20206,20108,20108,20108,19947,19947,19947,19888,19888,19888,19826,19826,19826,19831,19831,19831,19843,19843,19843,19881,19881,19881,20061,20061,20061,20213,20213,20213,20361,20361,20361,20563,20563,20563,20993,20993,20993,21379,21379,21379,21775,21775,21775,22145,22145,22145,22775,22775,22775,23204,23204,23204,23623,23623,23623,23936,23936,23936,24341,24341,24341,24598,24598,24598,24538,24538,24538,24410,24410,24410,24504,24504,24504,24469,24469,24469,24420,24420,24420,24325,24325,24325,24491,24491,24491,24295,24295,24295,24102,24102,24102,24060,24060,24060,23940,23940,23940,23965,23965,23965,23881,23881,23881,23833,23833,23833,23945,23945,23945,23823,23823,23823,23762,23762,23762,23631,23631,23631,23358,23358,23358,23270,23270,23270,23161,23161,23161,23246,23246,23246,23488,23488,23488,23560,23560,23560,23623,23623,23623,23745,23745,23745,23591,23591,23591,23656,23656,23656,23631,23631,23631,23719,23719,23719,23630,23630,23630,23766,23766,23766,23975,23975,23975,24206,24206,24206,24194,24194,24194,24310,24310,24310,24404,24404,24404,24585,24585,24585,24698,24698,24698,24880,24880,24880,25181,25181,25181,25373,25373,25373,25587,25587,25587,25797,25797,25797,26070,26070,26070,26283,26283,26283,26564,26564,26564,26771,26771,26771,27121,27121,27121,27587,27587,27587,27986,27986,27986,28074,28074,28074,27957,27957,27957,27592,27592,27592,27206,27206,27206,26858,26858,26858,26460,26460,26460,25970,25970,25970,25415,25415,25415,24875,24875,24875,24388,24388,24388,23928,23928,23928,23450,23450,23450,23055,23055,23055,22683,22683,22683,22305,22305,22305
Hour-ahead forecast 5/08/2019,22201,22013,22013,22013,21792,21792,21792,21475,21475,21475,21241,21241,21241,20969,20969,20969,20802,20802,20802,20598,20598,20598,20513,20513,20513,20329,20329,20329,20230,20230,20230,20113,20113,20113,19943,19943,19943,19887,19887,19887,19876,19876,19876,19862,19862,19862,19912,19912,19912,20060,20060,20060,20186,20186,20186,20371,20371,20371,20554,20554,20554,20985,20985,20985,21382,21382,21382,21784,21784,21784,22104,22104,22104,22749,22749,22749,23126,23126,23126,23484,23484,23484,23901,23901,23901,24471,24471,24471,24814,24814,24814,24711,24711,24711,24704,24704,24704,24925,24925,24925,24891,24891,24891,24758,24758,24758,24833,24833,24833,24861,24861,24861,24826,24826,24826,24795,24795,24795,24792,24792,24792,24812,24812,24812,24699,24699,24699,24695,24695,24695,24589,24589,24589,24476,24476,24476,24357,24357,24357,24357,24357,24357,24358,24358,24358,24371,24371,24371,24336,24336,24336,24412,24412,24412,24518,24518,24518,24610,24610,24610,24676,24676,24676,24734,24734,24734,24741,24741,24741,24766,24766,24766,24950,24950,24950,24991,24991,24991,25188,25188,25188,25070,25070,25070,25146,25146,25146,25234,25234,25234,25349,25349,25349,25372,25372,25372,25308,25308,25308,25291,25291,25291,25505,25505,25505,25511,25511,25511,25747,25747,25747,25955,25955,25955,25937,25937,25937,26026,26026,26026,26310,26310,26310,26588,26588,26588,26976,26976,26976,27092,27092,27092,27340,27340,27340,27725,27725,27725,27966,27966,27966,28438,28438,28438,28488,28488,28488,28277,28277,28277,27942,27942,27942,27528,27528,27528,27261,27261,27261,26859,26859,26859,26377,26377,26377,25827,25827,25827,25309,25309,25309,24754,24754,24754,24256,24256,24256,23792,23792,23792,23451,23451,23451,23008,23008,23008,22602,22602,22602
Hour-ahead forecast 5/09/2019,22541,22326,22326,22326,22027,22027,22027,21817,21817,21817,21587,21587,21587,21305,21305,21305,21125,21125,21125,20955,20955,20955,20803,20803,20803,20527,20527,20527,20417,20417,20417,20375,20375,20375,20240,20240,20240,20236,20236,20236,20200,20200,20200,20205,20205,20205,20224,20224,20224,20379,20379,20379,20507,20507,20507,20685,20685,20685,20899,20899,20899,21363,21363,21363,21697,21697,21697,22098,22098,22098,22453,22453,22453,23050,23050,23050,23505,23505,23505,23956,23956,23956,24336,24336,24336,24850,24850,24850,25152,25152,25152,25129,25129,25129,25136,25136,25136,25304,25304,25304,25350,25350,25350,25225,25225,25225,25305,25305,25305,25409,25409,25409,25368,25368,25368,25338,25338,25338,25402,25402,25402,25462,25462,25462,25432,25432,25432,25306,25306,25306,25306,25306,25306,25191,25191,25191,25123,25123,25123,25053,25053,25053,24891,24891,24891,24878,24878,24878,24799,24799,24799,24827,24827,24827,24917,24917,24917,24942,24942,24942,24948,24948,24948,25019,25019,25019,24973,24973,24973,24890,24890,24890,24919,24919,24919,24870,24870,24870,24899,24899,24899,24928,24928,24928,24999,24999,24999,25124,25124,25124,25276,25276,25276,25219,25219,25219,25390,25390,25390,25529,25529,25529,25538,25538,25538,25766,25766,25766,25856,25856,25856,26128,26128,26128,26258,26258,26258,26338,26338,26338,26534,26534,26534,26666,26666,26666,26650,26650,26650,26744,26744,26744,26924,26924,26924,27365,27365,27365,27784,27784,27784,28095,28095,28095,28209,28209,28209,27912,27912,27912,27612,27612,27612,27214,27214,27214,26874,26874,26874,26526,26526,26526,26004,26004,26004,25486,25486,25486,24976,24976,24976,24459,24459,24459,23992,23992,23992,23537,23537,23537,23155,23155,23155,22810,22810,22810,22449,22449,22449
Hour-ahead forecast 5/10/2019,22346,22201,22201,22201,21968,21968,21968,21592,21592,21592,21328,21328,21328,21073,21073,21073,20873,20873,20873,20724,20724,20724,20552,20552,20552,20419,20419,20419,20303,20303,20303,20218,20218,20218,20177,20177,20177,20189,20189,20189,20168,20168,20168,20167,20167,20167,20180,20180,20180,20346,20346,20346,20489,20489,20489,20614,20614,20614,20817,20817,20817,21205,21205,21205,21511,21511,21511,21947,21947,21947,22332,22332,22332,22967,22967,22967,23425,23425,23425,23829,23829,23829,24146,24146,24146,24556,24556,24556,24793,24793,24793,24938,24938,24938,25058,25058,25058,25177,25177,25177,25147,25147,25147,25082,25082,25082,25205,25205,25205,25205,25205,25205,25272,25272,25272,25055,25055,25055,24988,24988,24988,24942,24942,24942,24891,24891,24891,24775,24775,24775,24639,24639,24639,24558,24558,24558,24342,24342,24342,24261,24261,24261,24099,24099,24099,24032,24032,24032,23935,23935,23935,24108,24108,24108,24065,24065,24065,23915,23915,23915,23923,23923,23923,23944,23944,23944,24050,24050,24050,24075,24075,24075,24276,24276,24276,24260,24260,24260,24403,24403,24403,24281,24281,24281,24475,24475,24475,24562,24562,24562,24648,24648,24648,24889,24889,24889,25057,25057,25057,25047,25047,25047,25124,25124,25124,25063,25063,25063,25173,25173,25173,25383,25383,25383,25527,25527,25527,25574,25574,25574,25731,25731,25731,25853,25853,25853,25892,25892,25892,25969,25969,25969,26136,26136,26136,26344,26344,26344,26821,26821,26821,26963,26963,26963,27175,27175,27175,27032,27032,27032,26751,26751,26751,26459,26459,26459,26250,26250,26250,25986,25986,25986,25687,25687,25687,25192,25192,25192,24770,24770,24770,24357,24357,24357,23969,23969,23969,23415,23415,23415,23055,23055,23055,22659,22659,22659,22293,22293,22293
Hour-ahead forecast 5/11/2019,22198,21998,21998,21998,21752,21752,21752,21472,21472,21472,21221,21221,21221,21004,21004,21004,20792,20792,20792,20567,20567,20567,20354,20354,20354,20200,20200,20200,20053,20053,20053,19948,19948,19948,19855,19855,19855,19783,19783,19783,19694,19694,19694,19661,19661,19661,19626,19626,19626,19672,19672,19672,19688,19688,19688,19765,19765,19765,19803,19803,19803,19930,19930,19930,20059,20059,20059,20203,20203,20203,20244,20244,20244,20347,20347,20347,20366,20366,20366,20425,20425,20425,20634,20634,20634,20804,20804,20804,20977,20977,20977,21023,21023,21023,21097,21097,21097,21182,21182,21182,21110,21110,21110,21081,21081,21081,21107,21107,21107,21189,21189,21189,21079,21079,21079,20968,20968,20968,20878,20878,20878,20811,20811,20811,20748,20748,20748,20706,20706,20706,20654,20654,20654,20655,20655,20655,20621,20621,20621,20478,20478,20478,20375,20375,20375,20150,20150,20150,20219,20219,20219,20220,20220,20220,20227,20227,20227,20247,20247,20247,20268,20268,20268,20416,20416,20416,20408,20408,20408,20490,20490,20490,20518,20518,20518,20604,20604,20604,20606,20606,20606,20715,20715,20715,20953,20953,20953,21103,21103,21103,21372,21372,21372,21564,21564,21564,21839,21839,21839,22050,22050,22050,22289,22289,22289,22712,22712,22712,23111,23111,23111,23443,23443,23443,23720,23720,23720,23913,23913,23913,24182,24182,24182,24287,24287,24287,24429,24429,24429,24814,24814,24814,24909,24909,24909,25189,25189,25189,25582,25582,25582,25927,25927,25927,26119,26119,26119,26142,26142,26142,25971,25971,25971,25705,25705,25705,25504,25504,25504,25247,25247,25247,24878,24878,24878,24495,24495,24495,24137,24137,24137,23765,23765,23765,23336,23336,23336,22976,22976,22976,22605,22605,22605,22185,22185,22185,21815,21815,21815
Hour-ahead forecast 5/12/2019,21706,21493,21493,21493,21252,21252,21252,20975,20975,20975,20743,20743,20743,20405,20405,20405,20192,20192,20192,20033,20033,20033,19858,19858,19858,19706,19706,19706,19569,19569,19569,19451,19451,19451,19310,19310,19310,19223,19223,19223,19145,19145,19145,19073,19073,19073,19052,19052,19052,19064,19064,19064,19039,19039,19039,19050,19050,19050,19067,19067,19067,19151,19151,19151,19212,19212,19212,19290,19290,19290,19237,19237,19237,19238,19238,19238,19100,19100,19100,19105,19105,19105,19207,19207,19207,19351,19351,19351,19444,19444,19444,19531,19531,19531,19414,19414,19414,19484,19484,19484,19459,19459,19459,19402,19402,19402,19422,19422,19422,19413,19413,19413,19378,19378,19378,19289,19289,19289,19190,19190,19190,19172,19172,19172,19073,19073,19073,18919,18919,18919,18833,18833,18833,18736,18736,18736,18656,18656,18656,18598,18598,18598,18558,18558,18558,18608,18608,18608,18715,18715,18715,18735,18735,18735,18855,18855,18855,18936,18936,18936,19028,19028,19028,19148,19148,19148,19326,19326,19326,19452,19452,19452,19651,19651,19651,19867,19867,19867,20067,20067,20067,20249,20249,20249,20556,20556,20556,20847,20847,20847,21005,21005,21005,21405,21405,21405,21649,21649,21649,22028,22028,22028,22560,22560,22560,22825,22825,22825,23164,23164,23164,23581,23581,23581,23874,23874,23874,24246,24246,24246,24529,24529,24529,24753,24753,24753,24959,24959,24959,25202,25202,25202,25372,25372,25372,25569,25569,25569,26019,26019,26019,26486,26486,26486,26711,26711,26711,26641,26641,26641,26469,26469,26469,26084,26084,26084,25790,25790,25790,25461,25461,25461,25001,25001,25001,24522,24522,24522,24024,24024,24024,23509,23509,23509,23001,23001,23001,22616,22616,22616,22219,22219,22219,21908,21908,21908,21549,21549,21549
Hour-ahead forecast 5/13/2019,21456,21282,21282,21282,21059,21059,21059,20857,20857,20857,20391,20391,20391,20184,20184,20184,20008,20008,20008,19812,19812,19812,19697,19697,19697,19610,19610,19610,19522,19522,19522,19459,19459,19459,19304,19304,19304,19322,19322,19322,19323,19323,19323,19314,19314,19314,19376,19376,19376,19577,19577,19577,19701,19701,19701,19842,19842,19842,20087,20087,20087,20628,20628,20628,20951,20951,20951,21189,21189,21189,21547,21547,21547,21971,21971,21971,22559,22559,22559,23074,23074,23074,23400,23400,23400,23845,23845,23845,24127,24127,24127,24179,24179,24179,24200,24200,24200,24219,24219,24219,24273,24273,24273,24312,24312,24312,24362,24362,24362,24487,24487,24487,24521,24521,24521,24620,24620,24620,24560,24560,24560,24665,24665,24665,24669,24669,24669,24450,24450,24450,24369,24369,24369,24117,24117,24117,24082,24082,24082,23950,23950,23950,23885,23885,23885,23728,23728,23728,23671,23671,23671,23793,23793,23793,23915,23915,23915,23716,23716,23716,23817,23817,23817,23736,23736,23736,23792,23792,23792,23915,23915,23915,24020,24020,24020,24112,24112,24112,24235,24235,24235,24211,24211,24211,24480,24480,24480,24603,24603,24603,24672,24672,24672,24950,24950,24950,25107,25107,25107,25248,25248,25248,25671,25671,25671,26135,26135,26135,26412,26412,26412,26528,26528,26528,26751,26751,26751,26758,26758,26758,26921,26921,26921,27241,27241,27241,27448,27448,27448,27643,27643,27643,27793,27793,27793,27948,27948,27948,28281,28281,28281,28608,28608,28608,28694,28694,28694,28693,28693,28693,28265,28265,28265,27914,27914,27914,27535,27535,27535,27049,27049,27049,26551,26551,26551,25867,25867,25867,25320,25320,25320,24795,24795,24795,24200,24200,24200,23668,23668,23668,23251,23251,23251,22883,22883,22883,22461,22461,22461
Hour-ahead forecast 5/14/2019,22299,22061,22061,22061,21883,21883,21883,21653,21653,21653,21380,21380,21380,21234,21234,21234,21030,21030,21030,20843,20843,20843,20708,20708,20708,20538,20538,20538,20258,20258,20258,20203,20203,20203,20075,20075,20075,20068,20068,20068,20059,20059,20059,20106,20106,20106,20009,20009,20009,20224,20224,20224,20306,20306,20306,20412,20412,20412,20600,20600,20600,21051,21051,21051,21420,21420,21420,21774,21774,21774,22095,22095,22095,22701,22701,22701,23113,23113,23113,23520,23520,23520,23892,23892,23892,24306,24306,24306,24579,24579,24579,24594,24594,24594,24627,24627,24627,24947,24947,24947,25022,25022,25022,24938,24938,24938,24968,24968,24968,24894,24894,24894,24889,24889,24889,24812,24812,24812,24722,24722,24722,24623,24623,24623,24322,24322,24322,24127,24127,24127,24060,24060,24060,23874,23874,23874,23823,23823,23823,23948,23948,23948,23717,23717,23717,23843,23843,23843,23852,23852,23852,23939,23939,23939,23954,23954,23954,24089,24089,24089,24201,24201,24201,24143,24143,24143,24369,24369,24369,24580,24580,24580,24747,24747,24747,24896,24896,24896,25157,25157,25157,25345,25345,25345,25706,25706,25706,25770,25770,25770,25842,25842,25842,25979,25979,25979,26132,26132,26132,26302,26302,26302,26544,26544,26544,26676,26676,26676,26945,26945,26945,27030,27030,27030,27163,27163,27163,27240,27240,27240,27195,27195,27195,27374,27374,27374,27396,27396,27396,27432,27432,27432,27561,27561,27561,27918,27918,27918,28198,28198,28198,28475,28475,28475,28696,28696,28696,28518,28518,28518,28170,28170,28170,27763,27763,27763,27482,27482,27482,27144,27144,27144,26572,26572,26572,25982,25982,25982,25427,25427,25427,24914,24914,24914,24319,24319,24319,23864,23864,23864,23446,23446,23446,23078,23078,23078,22702,22702,22702
Hour-ahead forecast 5/15/2019,22658,22444,22444,22444,22186,22186,22186,21776,21776,21776,21573,21573,21573,21317,21317,21317,21105,21105,21105,20941,20941,20941,20789,20789,20789,20673,20673,20673,20557,20557,20557,20448,20448,20448,20350,20350,20350,20399,20399,20399,20361,20361,20361,20255,20255,20255,20291,20291,20291,20404,20404,20404,20515,20515,20515,20769,20769,20769,20995,20995,20995,21498,21498,21498,21870,21870,21870,22118,22118,22118,22269,22269,22269,22858,22858,22858,23241,23241,23241,23719,23719,23719,24092,24092,24092,24701,24701,24701,25010,25010,25010,25077,25077,25077,25134,25134,25134,25491,25491,25491,25625,25625,25625,25733,25733,25733,25787,25787,25787,25555,25555,25555,25572,25572,25572,25623,25623,25623,25692,25692,25692,25789,25789,25789,25817,25817,25817,25974,25974,25974,25942,25942,25942,25799,25799,25799,25775,25775,25775,25472,25472,25472,25329,25329,25329,25165,25165,25165,25083,25083,25083,24991,24991,24991,24727,24727,24727,24605,24605,24605,24565,24565,24565,24482,24482,24482,24435,24435,24435,24729,24729,24729,24812,24812,24812,24863,24863,24863,24942,24942,24942,24900,24900,24900,25006,25006,25006,25130,25130,25130,25198,25198,25198,25234,25234,25234,25361,25361,25361,25526,25526,25526,25816,25816,25816,25863,25863,25863,26027,26027,26027,26328,26328,26328,26333,26333,26333,26274,26274,26274,26414,26414,26414,26457,26457,26457,26680,26680,26680,26645,26645,26645,26837,26837,26837,27164,27164,27164,27491,27491,27491,27672,27672,27672,27921,27921,27921,27709,27709,27709,27214,27214,27214,26850,26850,26850,26506,26506,26506,26176,26176,26176,25812,25812,25812,25177,25177,25177,24685,24685,24685,24334,24334,24334,23828,23828,23828,23580,23580,23580,23206,23206,23206,22705,22705,22705,22326,22326,22326
Hour-ahead forecast 5/16/2019,22288,22041,22041,22041,21781,21781,21781,21501,21501,21501,21288,21288,21288,21060,21060,21060,20883,20883,20883,20672,20672,20672,20532,20532,20532,20360,20360,20360,20255,20255,20255,20177,20177,20177,20080,20080,20080,20051,20051,20051,20026,20026,20026,20082,20082,20082,20097,20097,20097,20195,20195,20195,20381,20381,20381,20484,20484,20484,20672,20672,20672,21094,21094,21094,21464,21464,21464,21814,21814,21814,22045,22045,22045,22750,22750,22750,23155,23155,23155,23526,23526,23526,23964,23964,23964,24362,24362,24362,24628,24628,24628,24560,24560,24560,24427,24427,24427,24614,24614,24614,24652,24652,24652,24451,24451,24451,24469,24469,24469,24538,24538,24538,24532,24532,24532,24406,24406,24406,24440,24440,24440,24592,24592,24592,24560,24560,24560,24366,24366,24366,24363,24363,24363,24152,24152,24152,24038,24038,24038,23851,23851,23851,24013,24013,24013,23575,23575,23575,23432,23432,23432,23191,23191,23191,23127,23127,23127,23131,23131,23131,23099,23099,23099,22844,22844,22844,22751,22751,22751,22538,22538,22538,22472,22472,22472,22160,22160,22160,21999,21999,21999,21844,21844,21844,21925,21925,21925,22091,22091,22091,22102,22102,22102,22349,22349,22349,22561,22561,22561,22820,22820,22820,22979,22979,22979,23167,23167,23167,23400,23400,23400,23701,23701,23701,23860,23860,23860,24080,24080,24080,24365,24365,24365,24501,24501,24501,24833,24833,24833,25080,25080,25080,25196,25196,25196,25523,25523,25523,25870,25870,25870,26303,26303,26303,26495,26495,26495,26386,26386,26386,26161,26161,26161,25804,25804,25804,25599,25599,25599,25292,25292,25292,24867,24867,24867,24340,24340,24340,23869,23869,23869,23386,23386,23386,23007,23007,23007,22588,22588,22588,22300,22300,22300,21913,21913,21913,21577,21577,21577
Hour-ahead forecast 5/17/2019,21514,21350,21350,21350,21120,21120,21120,20851,20851,20851,20730,20730,20730,20502,20502,20502,20276,20276,20276,20099,20099,20099,20024,20024,20024,19968,19968,19968,19858,19858,19858,19757,19757,19757,19739,19739,19739,19657,19657,19657,19636,19636,19636,19662,19662,19662,19693,19693,19693,19867,19867,19867,20024,20024,20024,20176,20176,20176,20347,20347,20347,20777,20777,20777,21144,21144,21144,21478,21478,21478,21692,21692,21692,22257,22257,22257,22600,22600,22600,22842,22842,22842,23237,23237,23237,23644,23644,23644,23893,23893,23893,23774,23774,23774,23492,23492,23492,23451,23451,23451,23369,23369,23369,23184,23184,23184,22903,22903,22903,22813,22813,22813,22677,22677,22677,22562,22562,22562,22435,22435,22435,22378,22378,22378,22829,22829,22829,22349,22349,22349,22216,22216,22216,22147,22147,22147,22037,22037,22037,21830,21830,21830,21779,21779,21779,21738,21738,21738,21616,21616,21616,21552,21552,21552,21631,21631,21631,21515,21515,21515,21517,21517,21517,21216,21216,21216,21129,21129,21129,21087,21087,21087,21054,21054,21054,20926,20926,20926,20983,20983,20983,20858,20858,20858,20918,20918,20918,20958,20958,20958,21179,21179,21179,21192,21192,21192,21341,21341,21341,21571,21571,21571,21884,21884,21884,22039,22039,22039,22251,22251,22251,22612,22612,22612,22832,22832,22832,23063,23063,23063,23357,23357,23357,23548,23548,23548,23748,23748,23748,24106,24106,24106,24337,24337,24337,24579,24579,24579,24986,24986,24986,25463,25463,25463,25775,25775,25775,25851,25851,25851,25703,25703,25703,25509,25509,25509,25319,25319,25319,25045,25045,25045,24794,24794,24794,24269,24269,24269,23885,23885,23885,23484,23484,23484,23046,23046,23046,22563,22563,22563,22221,22221,22221,21893,21893,21893,21520,21520,21520
Hour-ahead forecast 5/18/2019,21426,21207,21207,21207,20975,20975,20975,20622,20622,20622,20462,20462,20462,20257,20257,20257,20059,20059,20059,19869,19869,19869,19644,19644,19644,19537,19537,19537,19412,19412,19412,19253,19253,19253,19138,19138,19138,19117,19117,19117,19053,19053,19053,19020,19020,19020,19037,19037,19037,19048,19048,19048,19095,19095,19095,19168,19168,19168,19271,19271,19271,19438,19438,19438,19612,19612,19612,19691,19691,19691,19621,19621,19621,19634,19634,19634,19675,19675,19675,19766,19766,19766,19908,19908,19908,19809,19809,19809,19967,19967,19967,19948,19948,19948,19841,19841,19841,19795,19795,19795,19800,19800,19800,19927,19927,19927,20015,20015,20015,20167,20167,20167,20161,20161,20161,20163,20163,20163,20220,20220,20220,20346,20346,20346,20315,20315,20315,20512,20512,20512,20532,20532,20532,20634,20634,20634,20604,20604,20604,20607,20607,20607,20687,20687,20687,20763,20763,20763,20822,20822,20822,21013,21013,21013,21141,21141,21141,21224,21224,21224,21247,21247,21247,21337,21337,21337,21572,21572,21572,21457,21457,21457,21509,21509,21509,21684,21684,21684,21528,21528,21528,21809,21809,21809,21916,21916,21916,22077,22077,22077,22254,22254,22254,22285,22285,22285,22452,22452,22452,22592,22592,22592,22707,22707,22707,22798,22798,22798,22907,22907,22907,23039,23039,23039,23108,23108,23108,23202,23202,23202,23350,23350,23350,23487,23487,23487,23537,23537,23537,23663,23663,23663,23873,23873,23873,24112,24112,24112,24470,24470,24470,24819,24819,24819,25132,25132,25132,25016,25016,25016,24759,24759,24759,24372,24372,24372,24175,24175,24175,23991,23991,23991,23601,23601,23601,23246,23246,23246,22918,22918,22918,22499,22499,22499,22050,22050,22050,21637,21637,21637,21313,21313,21313,20955,20955,20955,20658,20658,20658
Hour-ahead forecast 5/19/2019,20486,20282,20282,20282,20082,20082,20082,19862,19862,19862,19647,19647,19647,19505,19505,19505,19331,19331,19331,19143,19143,19143,19008,19008,19008,18850,18850,18850,18731,18731,18731,18635,18635,18635,18598,18598,18598,18477,18477,18477,18420,18420,18420,18356,18356,18356,18313,18313,18313,18299,18299,18299,18313,18313,18313,18359,18359,18359,18452,18452,18452,18500,18500,18500,18587,18587,18587,18622,18622,18622,18497,18497,18497,18688,18688,18688,18670,18670,18670,18754,18754,18754,18843,18843,18843,19028,19028,19028,19147,19147,19147,19209,19209,19209,19273,19273,19273,19522,19522,19522,19576,19576,19576,19618,19618,19618,19936,19936,19936,19925,19925,19925,19978,19978,19978,20067,20067,20067,19918,19918,19918,19983,19983,19983,19944,19944,19944,19805,19805,19805,19725,19725,19725,19755,19755,19755,19648,19648,19648,19487,19487,19487,19423,19423,19423,19542,19542,19542,19458,19458,19458,19391,19391,19391,19293,19293,19293,19460,19460,19460,19436,19436,19436,19195,19195,19195,19150,19150,19150,19055,19055,19055,19002,19002,19002,19012,19012,19012,19111,19111,19111,18778,18778,18778,18923,18923,18923,18952,18952,18952,19267,19267,19267,19617,19617,19617,19866,19866,19866,19969,19969,19969,20284,20284,20284,20497,20497,20497,20767,20767,20767,21109,21109,21109,21385,21385,21385,21566,21566,21566,21827,21827,21827,21996,21996,21996,22194,22194,22194,22483,22483,22483,22774,22774,22774,23139,23139,23139,23758,23758,23758,24286,24286,24286,24699,24699,24699,24663,24663,24663,24296,24296,24296,23993,23993,23993,23764,23764,23764,23382,23382,23382,23002,23002,23002,22596,22596,22596,22197,22197,22197,21716,21716,21716,21307,21307,21307,20922,20922,20922,20615,20615,20615,20318,20318,20318,20020,20020,20020
Hour-ahead forecast 5/20/2019,20006,19909,19909,19909,19762,19762,19762,19495,19495,19495,19317,19317,19317,19094,19094,19094,18971,18971,18971,18934,18934,18934,18844,18844,18844,18751,18751,18751,18672,18672,18672,18611,18611,18611,18500,18500,18500,18498,18498,18498,18513,18513,18513,18594,18594,18594,18697,18697,18697,18874,18874,18874,19070,19070,19070,19204,19204,19204,19487,19487,19487,19895,19895,19895,20340,20340,20340,20695,20695,20695,20931,20931,20931,21510,21510,21510,21994,21994,21994,22503,22503,22503,22738,22738,22738,23059,23059,23059,23306,23306,23306,23155,23155,23155,22973,22973,22973,22883,22883,22883,22788,22788,22788,22523,22523,22523,22486,22486,22486,22430,22430,22430,22333,22333,22333,22335,22335,22335,22327,22327,22327,22032,22032,22032,21903,21903,21903,21902,21902,21902,21753,21753,21753,21915,21915,21915,21849,21849,21849,21791,21791,21791,21668,21668,21668,21542,21542,21542,21429,21429,21429,21501,21501,21501,21382,21382,21382,21460,21460,21460,21468,21468,21468,21250,21250,21250,21273,21273,21273,21096,21096,21096,20962,20962,20962,21012,21012,21012,20956,20956,20956,21084,21084,21084,21216,21216,21216,21206,21206,21206,21356,21356,21356,21508,21508,21508,21692,21692,21692,21959,21959,21959,22159,22159,22159,22334,22334,22334,22587,22587,22587,22887,22887,22887,23095,23095,23095,23335,23335,23335,23666,23666,23666,23947,23947,23947,24156,24156,24156,24367,24367,24367,24598,24598,24598,24895,24895,24895,25503,25503,25503,25891,25891,25891,26250,26250,26250,26256,26256,26256,25964,25964,25964,25665,25665,25665,25351,25351,25351,25031,25031,25031,24631,24631,24631,24119,24119,24119,23652,23652,23652,23121,23121,23121,22698,22698,22698,22224,22224,22224,21899,21899,21899,21471,21471,21471,21160,21160,21160
Hour-ahead forecast 5/21/2019,21161,21027,21027,21027,20815,20815,20815,20645,20645,20645,20340,20340,20340,20198,20198,20198,20023,20023,20023,19849,19849,19849,19745,19745,19745,19678,19678,19678,19594,19594,19594,19593,19593,19593,19471,19471,19471,19446,19446,19446,19434,19434,19434,19434,19434,19434,19481,19481,19481,19663,19663,19663,19819,19819,19819,19934,19934,19934,20059,20059,20059,20481,20481,20481,20873,20873,20873,21167,21167,21167,21303,21303,21303,21973,21973,21973,22423,22423,22423,22830,22830,22830,23124,23124,23124,23409,23409,23409,23682,23682,23682,23490,23490,23490,23305,23305,23305,23494,23494,23494,23471,23471,23471,23315,23315,23315,23178,23178,23178,23135,23135,23135,23073,23073,23073,23242,23242,23242,23094,23094,23094,22973,22973,22973,22860,22860,22860,22764,22764,22764,22827,22827,22827,22690,22690,22690,22603,22603,22603,22614,22614,22614,22387,22387,22387,22255,22255,22255,22114,22114,22114,22143,22143,22143,22194,22194,22194,22037,22037,22037,22020,22020,22020,21779,21779,21779,21876,21876,21876,21956,21956,21956,21952,21952,21952,22133,22133,22133,22251,22251,22251,22339,22339,22339,22466,22466,22466,22583,22583,22583,22555,22555,22555,22754,22754,22754,22880,22880,22880,22900,22900,22900,23218,23218,23218,23178,23178,23178,23281,23281,23281,23584,23584,23584,23740,23740,23740,23987,23987,23987,24265,24265,24265,24438,24438,24438,24827,24827,24827,24962,24962,24962,25229,25229,25229,25446,25446,25446,25936,25936,25936,26264,26264,26264,26578,26578,26578,26572,26572,26572,26359,26359,26359,25973,25973,25973,25688,25688,25688,25394,25394,25394,24996,24996,24996,24424,24424,24424,23869,23869,23869,23367,23367,23367,22899,22899,22899,22460,22460,22460,22110,22110,22110,21778,21778,21778,21341,21341,21341
Hour-ahead forecast 5/22/2019,21178,20973,20973,20973,20757,20757,20757,20416,20416,20416,20276,20276,20276,20058,20058,20058,19891,19891,19891,19674,19674,19674,19509,19509,19509,19387,19387,19387,19307,19307,19307,19279,19279,19279,19275,19275,19275,19260,19260,19260,19262,19262,19262,19269,19269,19269,19416,19416,19416,19523,19523,19523,19688,19688,19688,19910,19910,19910,20217,20217,20217,20625,20625,20625,21038,21038,21038,21388,21388,21388,21550,21550,21550,22052,22052,22052,22514,22514,22514,22980,22980,22980,23319,23319,23319,23662,23662,23662,23930,23930,23930,23893,23893,23893,23550,23550,23550,23461,23461,23461,23366,23366,23366,23361,23361,23361,23352,23352,23352,23195,23195,23195,22993,22993,22993,22854,22854,22854,22736,22736,22736,22747,22747,22747,22610,22610,22610,22364,22364,22364,22346,22346,22346,22208,22208,22208,22088,22088,22088,21997,21997,21997,21930,21930,21930,21901,21901,21901,21808,21808,21808,22044,22044,22044,22150,22150,22150,22316,22316,22316,22357,22357,22357,22225,22225,22225,22351,22351,22351,22191,22191,22191,22208,22208,22208,22154,22154,22154,22103,22103,22103,22354,22354,22354,22471,22471,22471,22776,22776,22776,22897,22897,22897,22904,22904,22904,23072,23072,23072,23068,23068,23068,23056,23056,23056,23083,23083,23083,23251,23251,23251,23385,23385,23385,23542,23542,23542,23658,23658,23658,23930,23930,23930,24314,24314,24314,24440,24440,24440,24651,24651,24651,24900,24900,24900,25304,25304,25304,25542,25542,25542,26082,26082,26082,26395,26395,26395,26344,26344,26344,26214,26214,26214,25951,25951,25951,25699,25699,25699,25440,25440,25440,24940,24940,24940,24412,24412,24412,23937,23937,23937,23397,23397,23397,22886,22886,22886,22473,22473,22473,22099,22099,22099,21780,21780,21780,21520,21520,21520
Hour-ahead forecast 5/23/2019,21354,21150,21150,21150,20820,20820,20820,20486,20486,20486,20453,20453,20453,20217,20217,20217,20080,20080,20080,20015,20015,20015,19815,19815,19815,19825,19825,19825,19717,19717,19717,19564,19564,19564,19390,19390,19390,19416,19416,19416,19395,19395,19395,19421,19421,19421,19490,19490,19490,19680,19680,19680,19818,19818,19818,19947,19947,19947,20192,20192,20192,20593,20593,20593,20979,20979,20979,21338,21338,21338,21609,21609,21609,22194,22194,22194,22654,22654,22654,23115,23115,23115,23477,23477,23477,24119,24119,24119,24392,24392,24392,24274,24274,24274,24285,24285,24285,24425,24425,24425,24446,24446,24446,24406,24406,24406,24527,24527,24527,24485,24485,24485,24474,24474,24474,24562,24562,24562,24473,24473,24473,24585,24585,24585,24534,24534,24534,24475,24475,24475,24219,24219,24219,24030,24030,24030,23958,23958,23958,23821,23821,23821,23351,23351,23351,23393,23393,23393,23270,23270,23270,23245,23245,23245,23244,23244,23244,23213,23213,23213,23215,23215,23215,23418,23418,23418,23427,23427,23427,23412,23412,23412,23451,23451,23451,23370,23370,23370,23617,23617,23617,23281,23281,23281,23386,23386,23386,23479,23479,23479,23461,23461,23461,23546,23546,23546,23672,23672,23672,24142,24142,24142,24249,24249,24249,24076,24076,24076,24244,24244,24244,24611,24611,24611,24522,24522,24522,24506,24506,24506,24729,24729,24729,24676,24676,24676,24869,24869,24869,25042,25042,25042,25255,25255,25255,25487,25487,25487,25858,25858,25858,26144,26144,26144,26464,26464,26464,26623,26623,26623,26380,26380,26380,26081,26081,26081,25723,25723,25723,25356,25356,25356,25023,25023,25023,24413,24413,24413,23962,23962,23962,23488,23488,23488,23081,23081,23081,22554,22554,22554,22205,22205,22205,21828,21828,21828,21471,21471,21471
Hour-ahead forecast 5/24/2019,21440,21262,21262,21262,21049,21049,21049,20877,20877,20877,20761,20761,20761,20522,20522,20522,20329,20329,20329,20141,20141,20141,20019,20019,20019,19946,19946,19946,19841,19841,19841,19693,19693,19693,19593,19593,19593,19491,19491,19491,19482,19482,19482,19460,19460,19460,19541,19541,19541,19616,19616,19616,19772,19772,19772,19973,19973,19973,20165,20165,20165,20509,20509,20509,20882,20882,20882,21190,21190,21190,21362,21362,21362,21902,21902,21902,22357,22357,22357,22736,22736,22736,22975,22975,22975,23131,23131,23131,23352,23352,23352,23136,23136,23136,23052,23052,23052,22895,22895,22895,22803,22803,22803,22797,22797,22797,22497,22497,22497,22391,22391,22391,22360,22360,22360,22066,22066,22066,21949,21949,21949,21865,21865,21865,21758,21758,21758,21699,21699,21699,21668,21668,21668,21597,21597,21597,21510,21510,21510,21420,21420,21420,21385,21385,21385,21260,21260,21260,21179,21179,21179,21269,21269,21269,21177,21177,21177,21184,21184,21184,21233,21233,21233,21192,21192,21192,21284,21284,21284,21323,21323,21323,21417,21417,21417,21505,21505,21505,21422,21422,21422,21606,21606,21606,21758,21758,21758,21830,21830,21830,21954,21954,21954,22140,22140,22140,22353,22353,22353,22696,22696,22696,22776,22776,22776,22894,22894,22894,23090,23090,23090,23677,23677,23677,23673,23673,23673,23970,23970,23970,24214,24214,24214,24418,24418,24418,24540,24540,24540,24802,24802,24802,24940,24940,24940,25083,25083,25083,25340,25340,25340,25685,25685,25685,25982,25982,25982,26098,26098,26098,25989,25989,25989,25707,25707,25707,25509,25509,25509,25132,25132,25132,24746,24746,24746,24253,24253,24253,23857,23857,23857,23387,23387,23387,22924,22924,22924,22364,22364,22364,22016,22016,22016,21695,21695,21695,21294,21294,21294
Hour-ahead forecast 5/25/2019,21204,20989,20989,20989,20730,20730,20730,20551,20551,20551,20322,20322,20322,20027,20027,20027,19812,19812,19812,19605,19605,19605,19416,19416,19416,19267,19267,19267,19161,19161,19161,19085,19085,19085,18985,18985,18985,18943,18943,18943,18861,18861,18861,18839,18839,18839,18802,18802,18802,18776,18776,18776,18798,18798,18798,18844,18844,18844,18935,18935,18935,19123,19123,19123,19262,19262,19262,19345,19345,19345,19159,19159,19159,19198,19198,19198,19246,19246,19246,19304,19304,19304,19421,19421,19421,19368,19368,19368,19492,19492,19492,19570,19570,19570,19495,19495,19495,19493,19493,19493,19492,19492,19492,19270,19270,19270,19190,19190,19190,19331,19331,19331,19283,19283,19283,19219,19219,19219,19157,19157,19157,19174,19174,19174,19108,19108,19108,19092,19092,19092,19100,19100,19100,19014,19014,19014,19056,19056,19056,19107,19107,19107,18808,18808,18808,18759,18759,18759,18702,18702,18702,18751,18751,18751,18601,18601,18601,18498,18498,18498,18457,18457,18457,18419,18419,18419,18694,18694,18694,18416,18416,18416,18452,18452,18452,18470,18470,18470,18481,18481,18481,18691,18691,18691,18848,18848,18848,19070,19070,19070,19189,19189,19189,19315,19315,19315,19558,19558,19558,19755,19755,19755,20027,20027,20027,20344,20344,20344,20634,20634,20634,20968,20968,20968,21392,21392,21392,21514,21514,21514,21814,21814,21814,22290,22290,22290,22482,22482,22482,22638,22638,22638,22874,22874,22874,23215,23215,23215,23517,23517,23517,23838,23838,23838,24188,24188,24188,24335,24335,24335,24302,24302,24302,24051,24051,24051,23894,23894,23894,23546,23546,23546,23227,23227,23227,22839,22839,22839,22521,22521,22521,22184,22184,22184,21836,21836,21836,21479,21479,21479,21175,21175,21175,20886,20886,20886,20529,20529,20529
Hour-ahead forecast 5/26/2019,20437,20248,20248,20248,20034,20034,20034,19735,19735,19735,19499,19499,19499,19292,19292,19292,19096,19096,19096,18904,18904,18904,18758,18758,18758,18625,18625,18625,18504,18504,18504,18418,18418,18418,18375,18375,18375,18337,18337,18337,18278,18278,18278,18182,18182,18182,18154,18154,18154,18143,18143,18143,18165,18165,18165,18157,18157,18157,18134,18134,18134,18218,18218,18218,18288,18288,18288,18300,18300,18300,18166,18166,18166,18263,18263,18263,18244,18244,18244,18294,18294,18294,18283,18283,18283,18429,18429,18429,18524,18524,18524,18619,18619,18619,18732,18732,18732,19004,19004,19004,19119,19119,19119,19243,19243,19243,19441,19441,19441,19492,19492,19492,19552,19552,19552,19544,19544,19544,19473,19473,19473,19647,19647,19647,19581,19581,19581,19724,19724,19724,19707,19707,19707,19694,19694,19694,19589,19589,19589,19360,19360,19360,19248,19248,19248,19055,19055,19055,18948,18948,18948,18979,18979,18979,18919,18919,18919,18959,18959,18959,18932,18932,18932,18885,18885,18885,18851,18851,18851,19017,19017,19017,19029,19029,19029,18911,18911,18911,18980,18980,18980,18939,18939,18939,19065,19065,19065,19292,19292,19292,19521,19521,19521,19541,19541,19541,19744,19744,19744,19988,19988,19988,19829,19829,19829,19982,19982,19982,20192,20192,20192,20260,20260,20260,20634,20634,20634,20761,20761,20761,20989,20989,20989,21406,21406,21406,21526,21526,21526,21718,21718,21718,21954,21954,21954,22218,22218,22218,22542,22542,22542,22898,22898,22898,23305,23305,23305,23369,23369,23369,23237,23237,23237,22926,22926,22926,22796,22796,22796,22461,22461,22461,22188,22188,22188,21933,21933,21933,21675,21675,21675,21411,21411,21411,21010,21010,21010,20685,20685,20685,20408,20408,20408,20004,20004,20004,19669,19669,19669
Hour-ahead forecast 5/27/2019,19604,19403,19403,19403,19216,19216,19216,19032,19032,19032,18890,18890,18890,18726,18726,18726,18550,18550,18550,18385,18385,18385,18104,18104,18104,18048,18048,18048,17977,17977,17977,17847,17847,17847,17753,17753,17753,17677,17677,17677,17644,17644,17644,17647,17647,17647,17713,17713,17713,17744,17744,17744,17808,17808,17808,17917,17917,17917,17901,17901,17901,18108,18108,18108,18246,18246,18246,18333,18333,18333,18208,18208,18208,18394,18394,18394,18479,18479,18479,18478,18478,18478,18569,18569,18569,18531,18531,18531,18648,18648,18648,18528,18528,18528,18506,18506,18506,18455,18455,18455,18562,18562,18562,18245,18245,18245,18347,18347,18347,18385,18385,18385,18271,18271,18271,18373,18373,18373,18377,18377,18377,18253,18253,18253,18131,18131,18131,18075,18075,18075,18103,18103,18103,18197,18197,18197,18119,18119,18119,18057,18057,18057,17973,17973,17973,18079,18079,18079,18018,18018,18018,17997,17997,17997,18015,18015,18015,18075,18075,18075,18082,18082,18082,18015,18015,18015,18119,18119,18119,18192,18192,18192,18295,18295,18295,18361,18361,18361,18412,18412,18412,18380,18380,18380,18571,18571,18571,18746,18746,18746,18780,18780,18780,18963,18963,18963,19245,19245,19245,19529,19529,19529,19753,19753,19753,19988,19988,19988,20320,20320,20320,20640,20640,20640,20879,20879,20879,21195,21195,21195,21487,21487,21487,21872,21872,21872,22186,22186,22186,22403,22403,22403,22667,22667,22667,23029,23029,23029,23427,23427,23427,23639,23639,23639,24080,24080,24080,24361,24361,24361,24382,24382,24382,24027,24027,24027,23803,23803,23803,23521,23521,23521,22989,22989,22989,22571,22571,22571,22133,22133,22133,21685,21685,21685,21179,21179,21179,20878,20878,20878,20573,20573,20573,20238,20238,20238,19882,19882,19882
Hour-ahead forecast 5/28/2019,19836,19689,19689,19689,19530,19530,19530,19205,19205,19205,19042,19042,19042,18758,18758,18758,18617,18617,18617,18538,18538,18538,18345,18345,18345,18377,18377,18377,18311,18311,18311,18229,18229,18229,18201,18201,18201,18236,18236,18236,18242,18242,18242,18298,18298,18298,18386,18386,18386,18573,18573,18573,18750,18750,18750,18937,18937,18937,19129,19129,19129,19723,19723,19723,20100,20100,20100,20358,20358,20358,20547,20547,20547,21111,21111,21111,21645,21645,21645,22147,22147,22147,22414,22414,22414,22704,22704,22704,22968,22968,22968,22972,22972,22972,22906,22906,22906,22975,22975,22975,22956,22956,22956,22904,22904,22904,22805,22805,22805,22697,22697,22697,22588,22588,22588,22519,22519,22519,22451,22451,22451,22435,22435,22435,22329,22329,22329,22155,22155,22155,22141,22141,22141,21966,21966,21966,21850,21850,21850,21758,21758,21758,21624,21624,21624,21570,21570,21570,21475,21475,21475,21501,21501,21501,21515,21515,21515,21655,21655,21655,21711,21711,21711,21888,21888,21888,21945,21945,21945,21822,21822,21822,22141,22141,22141,22051,22051,22051,22233,22233,22233,22215,22215,22215,22375,22375,22375,22550,22550,22550,22655,22655,22655,22652,22652,22652,22799,22799,22799,22941,22941,22941,23081,23081,23081,23422,23422,23422,23656,23656,23656,23939,23939,23939,24330,24330,24330,24618,24618,24618,24899,24899,24899,25112,25112,25112,25203,25203,25203,25503,25503,25503,25672,25672,25672,25850,25850,25850,26096,26096,26096,26532,26532,26532,26823,26823,26823,26865,26865,26865,26911,26911,26911,26525,26525,26525,26249,26249,26249,25775,25775,25775,25324,25324,25324,24703,24703,24703,24205,24205,24205,23714,23714,23714,23101,23101,23101,22652,22652,22652,22313,22313,22313,21920,21920,21920,21538,21538,21538
Hour-ahead forecast 5/29/2019,21461,21266,21266,21266,21028,21028,21028,20847,20847,20847,20614,20614,20614,20507,20507,20507,20309,20309,20309,20102,20102,20102,19937,19937,19937,19816,19816,19816,19724,19724,19724,19609,19609,19609,19539,19539,19539,19391,19391,19391,19384,19384,19384,19318,19318,19318,19358,19358,19358,19475,19475,19475,19634,19634,19634,19854,19854,19854,20077,20077,20077,20626,20626,20626,20997,20997,20997,21240,21240,21240,21349,21349,21349,21877,21877,21877,22362,22362,22362,22879,22879,22879,23156,23156,23156,23416,23416,23416,23672,23672,23672,23524,23524,23524,23227,23227,23227,23216,23216,23216,23129,23129,23129,22989,22989,22989,22904,22904,22904,22998,22998,22998,22947,22947,22947,22719,22719,22719,22714,22714,22714,22768,22768,22768,22743,22743,22743,22709,22709,22709,22716,22716,22716,22723,22723,22723,22732,22732,22732,22694,22694,22694,22676,22676,22676,22641,22641,22641,22678,22678,22678,22800,22800,22800,22972,22972,22972,23111,23111,23111,23291,23291,23291,23290,23290,23290,23630,23630,23630,23558,23558,23558,23750,23750,23750,23756,23756,23756,23971,23971,23971,24137,24137,24137,24363,24363,24363,24555,24555,24555,24769,24769,24769,24869,24869,24869,25105,25105,25105,25641,25641,25641,25623,25623,25623,25845,25845,25845,26077,26077,26077,26260,26260,26260,26620,26620,26620,26639,26639,26639,26848,26848,26848,27118,27118,27118,27194,27194,27194,27261,27261,27261,27350,27350,27350,27414,27414,27414,27602,27602,27602,27764,27764,27764,28009,28009,28009,27981,27981,27981,27896,27896,27896,27557,27557,27557,27246,27246,27246,26845,26845,26845,26353,26353,26353,25680,25680,25680,25142,25142,25142,24507,24507,24507,23894,23894,23894,23391,23391,23391,22966,22966,22966,22582,22582,22582,22161,22161,22161
Hour-ahead forecast 5/30/2019,22028,21818,21818,21818,21558,21558,21558,21356,21356,21356,21182,21182,21182,21008,21008,21008,20807,20807,20807,20690,20690,20690,20427,20427,20427,20155,20155,20155,20044,20044,20044,19960,19960,19960,19777,19777,19777,19778,19778,19778,19738,19738,19738,19718,19718,19718,19764,19764,19764,19941,19941,19941,20071,20071,20071,20226,20226,20226,20422,20422,20422,20950,20950,20950,21295,21295,21295,21549,21549,21549,21648,21648,21648,22121,22121,22121,22580,22580,22580,23116,23116,23116,23359,23359,23359,23681,23681,23681,23906,23906,23906,23808,23808,23808,23864,23864,23864,23863,23863,23863,23867,23867,23867,23775,23775,23775,23742,23742,23742,23724,23724,23724,23552,23552,23552,23493,23493,23493,23426,23426,23426,23278,23278,23278,23219,23219,23219,23038,23038,23038,22986,22986,22986,22972,22972,22972,22986,22986,22986,23101,23101,23101,23130,23130,23130,23100,23100,23100,23191,23191,23191,23222,23222,23222,23280,23280,23280,23371,23371,23371,23616,23616,23616,23662,23662,23662,23944,23944,23944,23952,23952,23952,24060,24060,24060,24196,24196,24196,24426,24426,24426,24631,24631,24631,24853,24853,24853,25025,25025,25025,25127,25127,25127,25345,25345,25345,25554,25554,25554,25850,25850,25850,26133,26133,26133,26328,26328,26328,26508,26508,26508,26732,26732,26732,26883,26883,26883,26943,26943,26943,27131,27131,27131,27338,27338,27338,27396,27396,27396,27464,27464,27464,27535,27535,27535,27740,27740,27740,27931,27931,27931,28292,28292,28292,28370,28370,28370,28198,28198,28198,28072,28072,28072,27804,27804,27804,27476,27476,27476,27061,27061,27061,26600,26600,26600,25982,25982,25982,25458,25458,25458,25034,25034,25034,24480,24480,24480,23989,23989,23989,23560,23560,23560,23107,23107,23107,22671,22671,22671
Hour-ahead forecast 5/31/2019,22514,22303,22303,22303,22049,22049,22049,21813,21813,21813,21601,21601,21601,21244,21244,21244,21023,21023,21023,20917,20917,20917,20710,20710,20710,20516,20516,20516,20409,20409,20409,20316,20316,20316,20240,20240,20240,20175,20175,20175,20141,20141,20141,20155,20155,20155,20169,20169,20169,20413,20413,20413,20531,20531,20531,20726,20726,20726,20826,20826,20826,21290,21290,21290,21589,21589,21589,21798,21798,21798,21997,21997,21997,22607,22607,22607,23067,23067,23067,23477,23477,23477,23780,23780,23780,24063,24063,24063,24293,24293,24293,24302,24302,24302,24257,24257,24257,24401,24401,24401,24396,24396,24396,24333,24333,24333,24391,24391,24391,24331,24331,24331,24290,24290,24290,24209,24209,24209,24211,24211,24211,24154,24154,24154,24127,24127,24127,23986,23986,23986,23784,23784,23784,23626,23626,23626,23561,23561,23561,23335,23335,23335,23235,23235,23235,23124,23124,23124,23081,23081,23081,23369,23369,23369,23224,23224,23224,23498,23498,23498,23634,23634,23634,23601,23601,23601,23882,23882,23882,24002,24002,24002,24191,24191,24191,24248,24248,24248,24399,24399,24399,24635,24635,24635,24850,24850,24850,25064,25064,25064,25357,25357,25357,25514,25514,25514,25763,25763,25763,25956,25956,25956,26088,26088,26088,26291,26291,26291,26450,26450,26450,26666,26666,26666,26969,26969,26969,27025,27025,27025,27185,27185,27185,27342,27342,27342,27336,27336,27336,27327,27327,27327,27338,27338,27338,27460,27460,27460,27525,27525,27525,27746,27746,27746,27975,27975,27975,27904,27904,27904,27736,27736,27736,27572,27572,27572,27312,27312,27312,26922,26922,26922,26558,26558,26558,25974,25974,25974,25505,25505,25505,25044,25044,25044,24529,24529,24529,24133,24133,24133,23710,23710,23710,23352,23352,23352,22943,22943,22943