 ,00:00,00:05,00:10,00:15,00:20,00:25,00:30,00:35,00:40,00:45,00:50,00:55,01:00,01:05,01:10,01:15,01:20,01:25,01:30,01:35,01:40,01:45,01:50,01:55,02:00,02:05,02:10,02:15,02:20,02:25,02:30,02:35,02:40,02:45,02:50,02:55,03:00,03:05,03:10,03:15,03:20,03:25,03:30,03:35,03:40,03:45,03:50,03:55,04:00,04:05,04:10,04:15,04:20,04:25,04:30,04:35,04:40,04:45,04:50,04:55,05:00,05:05,05:10,05:15,05:20,05:25,05:30,05:35,05:40,05:45,05:50,05:55,06:00,06:05,06:10,06:15,06:20,06:25,06:30,06:35,06:40,06:45,06:50,06:55,07:00,07:05,07:10,07:15,07:20,07:25,07:30,07:35,07:40,07:45,07:50,07:55,08:00,08:05,08:10,08:15,08:20,08:25,08:30,08:35,08:40,08:45,08:50,08:55,09:00,09:05,09:10,09:15,09:20,09:25,09:30,09:35,09:40,09:45,09:50,09:55,10:00,10:05,10:10,10:15,10:20,10:25,10:30,10:35,10:40,10:45,10:50,10:55,11:00,11:05,11:10,11:15,11:20,11:25,11:30,11:35,11:40,11:45,11:50,11:55,12:00,12:05,12:10,12:15,12:20,12:25,12:30,12:35,12:40,12:45,12:50,12:55,13:00,13:05,13:10,13:15,13:20,13:25,13:30,13:35,13:40,13:45,13:50,13:55,14:00,14:05,14:10,14:15,14:20,14:25,14:30,14:35,14:40,14:45,14:50,14:55,15:00,15:05,15:10,15:15,15:20,15:25,15:30,15:35,15:40,15:45,15:50,15:55,16:00,16:05,16:10,16:15,16:20,16:25,16:30,16:35,16:40,16:45,16:50,16:55,17:00,17:05,17:10,17:15,17:20,17:25,17:30,17:35,17:40,17:45,17:50,17:55,18:00,18:05,18:10,18:15,18:20,18:25,18:30,18:35,18:40,18:45,18:50,18:55,19:00,19:05,19:10,19:15,19:20,19:25,19:30,19:35,19:40,19:45,19:50,19:55,20:00,20:05,20:10,20:15,20:20,20:25,20:30,20:35,20:40,20:45,20:50,20:55,21:00,21:05,21:10,21:15,21:20,21:25,21:30,21:35,21:40,21:45,21:50,21:55,22:00,22:05,22:10,22:15,22:20,22:25,22:30,22:35,22:40,22:45,22:50,22:55,23:00,23:05,23:10,23:15,23:20,23:25,23:30,23:35,23:40,23:45,23:50,23:55,00:00
Net Demand 04/01/2020,16510.0,16455.0,16446.0,16315.0,16182.0,16051.0,15981.0,15906.0,15851.0,15702.0,15616.0,15572.0,15588.0,15550.0,15553.0,15457.0,15288.0,15285.0,15259.0,15195.0,15134.0,15090.0,15075.0,15010.0,15069.0,15011.0,14989.0,14971.0,14960.0,14940.0,14928.0,14906.0,14844.0,14813.0,14777.0,14753.0,14750.0,14669.0,14661.0,14744.0,14785.0,14775.0,14742.0,14729.0,14590.0,14557.0,14628.0,14635.0,14626.0,14706.0,14828.0,14852.0,14902.0,14927.0,14979.0,15053.0,15124.0,15163.0,15207.0,15316.0,15397.0,15621.0,15872.0,16001.0,16048.0,16114.0,16210.0,16359.0,16478.0,16572.0,16676.0,16750.0,16874.0,17100.0,17382.0,17559.0,17771.0,17878.0,17999.0,18081.0,18131.0,18132.0,18138.0,18071.0,17991.0,18334.0,18290.0,18018.0,17725.0,17388.0,16988.0,16555.0,15946.0,15340.0,14919.0,14529.0,14099.0,13703.0,13246.0,12761.0,12247.0,11840.0,11395.0,11037.0,10594.0,10258.0,9999.0,9840.0,9728.0,9371.0,9172.0,9021.0,8954.0,8952.0,8895.0,8863.0,8824.0,8766.0,8675.0,8666.0,8617.0,8361.0,8351.0,8306.0,8865.0,8164.0,7989.0,7934.0,8663.0,7941.0,7909.0,8003.0,8187.0,8135.0,7828.0,7581.0,7426.0,7390.0,7423.0,7579.0,7616.0,7980.0,8271.0,8561.0,8422.0,7926.0,7578.0,7627.0,7709.0,7751.0,7617.0,7485.0,7327.0,7244.0,7250.0,7242.0,7168.0,6992.0,6791.0,6841.0,6926.0,7043.0,7003.0,6926.0,6774.0,6958.0,7178.0,7365.0,7779.0,8617.0,8431.0,7153.0,6322.0,6246.0,6523.0,6980.0,7438.0,7212.0,6923.0,6841.0,6986.0,7246.0,7463.0,7430.0,7263.0,7200.0,7363.0,7620.0,7659.0,7738.0,7638.0,7618.0,7790.0,7984.0,8050.0,8074.0,8313.0,8431.0,8366.0,8307.0,8390.0,8576.0,8853.0,9238.0,9500.0,9767.0,9936.0,10514.0,10937.0,11076.0,11220.0,11188.0,11330.0,11566.0,12057.0,12768.0,13760.0,14650.0,15178.0,15684.0,16221.0,16944.0,17784.0,18388.0,18907.0,19328.0,19706.0,19951.0,20033.0,20294.0,20477.0,20722.0,21073.0,21249.0,21459.0,21637.0,21720.0,21819.0,21884.0,21929.0,21938.0,21890.0,21906.0,21926.0,21940.0,21901.0,21879.0,21840.0,21797.0,21766.0,21707.0,21676.0,21612.0,21542.0,21518.0,21512.0,21460.0,21374.0,21298.0,21192.0,21096.0,21023.0,20916.0,20847.0,20784.0,20653.0,20589.0,20485.0,20381.0,20277.0,20182.0,20079.0,19955.0,19798.0,19678.0,19548.0,19437.0,19279.0,19139.0,18995.0,18857.0,18690.0,18615.0,18415.0,18208.0,18166.0,18248.0,18081.0,
Net Demand 04/02/2020,17956.0,17866.0,17834.0,17694.0,17584.0,17446.0,17348.0,17238.0,17145.0,17013.0,16935.0,16835.0,16763.0,16652.0,16582.0,16481.0,16371.0,16195.0,16064.0,15918.0,15825.0,15749.0,15657.0,15462.0,15161.0,15204.0,15187.0,15101.0,15083.0,15028.0,14948.0,14955.0,14931.0,14907.0,14845.0,14754.0,14670.0,14658.0,14655.0,14612.0,14597.0,14613.0,14625.0,14615.0,14565.0,14572.0,14586.0,14549.0,14567.0,14648.0,14674.0,14702.0,14738.0,14798.0,14831.0,14915.0,14946.0,15002.0,15049.0,15123.0,15231.0,15420.0,15609.0,15722.0,15779.0,15837.0,15919.0,16013.0,16095.0,16177.0,16302.0,16283.0,16364.0,16823.0,17120.0,17230.0,17346.0,17383.0,17438.0,17454.0,17415.0,17316.0,17288.0,17142.0,16991.0,16794.0,16513.0,16128.0,15738.0,15309.0,14829.0,14338.0,13803.0,13363.0,12907.0,12456.0,11866.0,11163.0,10701.0,10248.0,9789.0,9907.0,9613.0,9687.0,9542.0,9516.0,9542.0,9317.0,8868.0,8457.0,8076.0,8023.0,8144.0,8188.0,8062.0,7862.0,7814.0,7685.0,7520.0,7489.0,7667.0,7727.0,7660.0,7580.0,7587.0,7582.0,7644.0,7806.0,7837.0,7701.0,7587.0,7549.0,7496.0,7253.0,7096.0,7298.0,7178.0,6918.0,6789.0,7127.0,7379.0,7332.0,7103.0,6951.0,6953.0,6906.0,6792.0,6606.0,6534.0,6617.0,6532.0,6269.0,6232.0,6553.0,6633.0,6592.0,6473.0,6094.0,5884.0,6143.0,6511.0,7137.0,6526.0,6448.0,6379.0,6393.0,6292.0,6246.0,6334.0,6055.0,5757.0,5752.0,5872.0,5889.0,5857.0,5729.0,5683.0,5809.0,5676.0,5711.0,5702.0,5597.0,5604.0,5555.0,5863.0,6260.0,6277.0,6215.0,6270.0,6397.0,6380.0,6482.0,6931.0,7308.0,7221.0,7223.0,7130.0,7256.0,7390.0,7369.0,7429.0,7586.0,7598.0,7789.0,8303.0,8975.0,9392.0,9555.0,9809.0,10032.0,10074.0,10085.0,10478.0,10748.0,11246.0,11739.0,12403.0,13039.0,13585.0,14121.0,14956.0,15444.0,16119.0,16705.0,17251.0,17752.0,18163.0,18482.0,18749.0,18941.0,18955.0,19287.0,19514.0,19569.0,19839.0,20084.0,20176.0,20223.0,20310.0,20363.0,20421.0,20444.0,20402.0,20331.0,20217.0,20129.0,20087.0,20030.0,19979.0,19921.0,19863.0,19807.0,19653.0,19575.0,19488.0,19389.0,19277.0,19171.0,19036.0,18920.0,18772.0,18709.0,18624.0,18508.0,18397.0,18292.0,18274.0,18172.0,18030.0,17934.0,17888.0,17805.0,17728.0,17744.0,17738.0,17716.0,17657.0,17545.0,17439.0,17347.0,17242.0,17161.0,17134.0,17085.0,17025.0,16928.0,16832.0,16752.0,
Net Demand 04/03/2020,16603.0,16557.0,16492.0,16392.0,16293.0,16207.0,16171.0,16095.0,16020.0,15919.0,15885.0,15851.0,15771.0,15610.0,15462.0,15316.0,15208.0,15160.0,15105.0,15097.0,15046.0,15004.0,15002.0,14977.0,14924.0,14917.0,14902.0,14871.0,14836.0,14854.0,14843.0,14822.0,14815.0,14823.0,14784.0,14724.0,14645.0,14582.0,14555.0,14520.0,14482.0,14472.0,14365.0,14284.0,14165.0,14107.0,14109.0,14069.0,14052.0,14113.0,14172.0,14231.0,14268.0,14332.0,14439.0,14516.0,14602.0,14707.0,14838.0,14936.0,15058.0,15244.0,15465.0,15531.0,15649.0,15752.0,15891.0,16037.0,16174.0,16332.0,16492.0,16613.0,16733.0,17038.0,17295.0,17371.0,17546.0,17609.0,17640.0,17683.0,17622.0,17545.0,17504.0,17373.0,17242.0,17138.0,16911.0,16628.0,16258.0,15791.0,15262.0,14910.0,14498.0,14135.0,13832.0,13542.0,13225.0,12530.0,11497.0,11006.0,10651.0,10383.0,10139.0,9963.0,9817.0,9737.0,9575.0,9375.0,9161.0,8879.0,8695.0,8606.0,8406.0,8116.0,8114.0,8259.0,8191.0,8112.0,7985.0,7937.0,7818.0,7583.0,7400.0,7318.0,7196.0,7162.0,7141.0,7315.0,7319.0,7159.0,6968.0,6975.0,7079.0,6944.0,6930.0,6889.0,6879.0,6665.0,6532.0,6714.0,6810.0,6741.0,6665.0,6691.0,6743.0,6788.0,6913.0,6954.0,6825.0,6598.0,6423.0,6514.0,6619.0,6560.0,6471.0,6471.0,6556.0,6519.0,6518.0,6549.0,6500.0,6601.0,6581.0,6496.0,6490.0,6564.0,6511.0,6449.0,6295.0,6163.0,6139.0,6094.0,6056.0,6092.0,6014.0,6129.0,6144.0,6204.0,6279.0,6505.0,6533.0,6207.0,6033.0,6078.0,6222.0,6322.0,6289.0,6343.0,6612.0,6728.0,6804.0,6898.0,7036.0,7146.0,7179.0,7077.0,7291.0,7505.0,7385.0,7278.0,7162.0,7311.0,7418.0,7720.0,8382.0,9024.0,8947.0,8778.0,8669.0,8766.0,9181.0,9601.0,10067.0,10548.0,11084.0,11564.0,12033.0,12768.0,13353.0,13889.0,14644.0,15404.0,15775.0,16399.0,17103.0,17569.0,17926.0,18271.0,18537.0,18773.0,19021.0,19227.0,19482.0,19680.0,19918.0,20056.0,20183.0,20268.0,20313.0,20293.0,20270.0,20284.0,20304.0,20361.0,20345.0,20295.0,20192.0,20122.0,20070.0,19982.0,19900.0,19785.0,19615.0,19467.0,19398.0,19354.0,19373.0,19331.0,19268.0,19188.0,19051.0,18932.0,18797.0,18649.0,18539.0,18406.0,18293.0,18173.0,18035.0,17962.0,17852.0,17752.0,17680.0,17625.0,17489.0,17329.0,17349.0,17467.0,17453.0,17396.0,17242.0,16874.0,16738.0,16744.0,16593.0,16424.0,16261.0,16193.0,
Net Demand 04/04/2020,16025.0,16028.0,15966.0,15901.0,15786.0,15696.0,15640.0,15566.0,15504.0,15393.0,15322.0,15194.0,15091.0,15005.0,14965.0,14933.0,14867.0,14843.0,14740.0,14750.0,14751.0,14768.0,14786.0,14813.0,14758.0,14641.0,14520.0,14468.0,14427.0,14377.0,14340.0,14288.0,14221.0,14127.0,14093.0,14070.0,14074.0,14101.0,14126.0,14097.0,14149.0,14166.0,13993.0,13894.0,13930.0,13767.0,13671.0,13751.0,13857.0,13933.0,14034.0,14029.0,14053.0,14124.0,14197.0,14296.0,14374.0,14438.0,14481.0,14524.0,14637.0,14607.0,14673.0,14907.0,14933.0,14972.0,14989.0,15088.0,15135.0,15198.0,15291.0,15409.0,15475.0,15629.0,15753.0,15821.0,15893.0,15929.0,15929.0,15895.0,15846.0,15727.0,15586.0,15420.0,15250.0,15078.0,14787.0,14415.0,14006.0,13493.0,13057.0,12606.0,12179.0,11692.0,11200.0,10787.0,10290.0,9740.0,9476.0,9137.0,8808.0,8628.0,8359.0,8201.0,7994.0,7820.0,7538.0,7509.0,7330.0,7006.0,6948.0,7165.0,7309.0,7178.0,7198.0,7299.0,7460.0,7499.0,7461.0,7352.0,6988.0,6762.0,6726.0,6871.0,7021.0,6912.0,6730.0,6673.0,6639.0,6676.0,6720.0,6887.0,7161.0,7065.0,6902.0,6881.0,6787.0,6827.0,6803.0,6706.0,6660.0,6629.0,6640.0,6687.0,6878.0,7030.0,6900.0,6880.0,6920.0,6968.0,7010.0,6955.0,6827.0,6879.0,6859.0,6852.0,6855.0,6790.0,6701.0,6776.0,6872.0,6890.0,6922.0,6956.0,6978.0,6851.0,6711.0,6595.0,6576.0,6575.0,6514.0,6489.0,6444.0,6335.0,6182.0,6144.0,6353.0,6358.0,6329.0,6357.0,6351.0,6294.0,6134.0,6064.0,6149.0,6221.0,6188.0,6037.0,6050.0,6225.0,6439.0,6581.0,6696.0,6728.0,6586.0,6488.0,6495.0,6667.0,6794.0,6865.0,6978.0,7119.0,7449.0,7604.0,7987.0,9149.0,9548.0,9984.0,10431.0,10672.0,10679.0,10486.0,10708.0,11080.0,11480.0,12049.0,12743.0,13271.0,13989.0,14683.0,15370.0,15890.0,16366.0,16914.0,17403.0,17857.0,18154.0,18591.0,19103.0,19382.0,19721.0,20045.0,20299.0,20626.0,20857.0,21053.0,21143.0,21242.0,21279.0,21284.0,21229.0,21292.0,21343.0,21344.0,21282.0,21230.0,21210.0,21167.0,21132.0,21076.0,21061.0,21004.0,20945.0,20971.0,20993.0,20946.0,20862.0,20808.0,20774.0,20697.0,20625.0,20555.0,20417.0,20364.0,20229.0,20100.0,20006.0,19867.0,19710.0,19636.0,19514.0,19395.0,19253.0,19168.0,19052.0,18994.0,18862.0,18786.0,18749.0,18640.0,18515.0,18423.0,18341.0,18262.0,18198.0,18103.0,17995.0,17912.0,
Net Demand 04/05/2020,17831.0,17745.0,17727.0,17658.0,17563.0,17440.0,17374.0,17303.0,17222.0,17147.0,17012.0,16933.0,16928.0,16808.0,16726.0,16679.0,16623.0,16576.0,16536.0,16474.0,16436.0,16380.0,16325.0,16298.0,16265.0,16195.0,16124.0,16033.0,15995.0,15928.0,15888.0,15855.0,15789.0,15786.0,15793.0,15772.0,15757.0,15744.0,15732.0,15707.0,15620.0,15571.0,15522.0,15447.0,15376.0,15386.0,15388.0,15366.0,15365.0,15360.0,15387.0,15371.0,15356.0,15321.0,15343.0,15360.0,15417.0,15475.0,15533.0,15547.0,15572.0,15652.0,15706.0,15751.0,15795.0,15840.0,15849.0,15904.0,15927.0,15889.0,15863.0,15906.0,15922.0,16017.0,16047.0,16048.0,16125.0,16151.0,16142.0,16086.0,16050.0,15958.0,15891.0,15782.0,15628.0,15505.0,15391.0,15162.0,14991.0,14856.0,14662.0,14566.0,14422.0,14153.0,13898.0,13717.0,13445.0,13123.0,12986.0,12843.0,12816.0,12795.0,12606.0,12402.0,12265.0,12018.0,11945.0,11948.0,11811.0,11606.0,11797.0,11870.0,11879.0,11965.0,12010.0,11983.0,11882.0,11893.0,12173.0,12209.0,12299.0,12482.0,12500.0,12342.0,12175.0,12131.0,11961.0,11797.0,11755.0,11869.0,11810.0,11753.0,11560.0,11456.0,11609.0,11753.0,11815.0,11764.0,11781.0,11863.0,11974.0,12040.0,11858.0,11391.0,11243.0,11622.0,11844.0,11845.0,11858.0,11668.0,11704.0,11652.0,11510.0,11487.0,11319.0,11117.0,10924.0,10668.0,10468.0,10442.0,10564.0,10509.0,10393.0,10479.0,10724.0,10795.0,10823.0,11008.0,11105.0,11093.0,11034.0,11113.0,11149.0,11151.0,11241.0,11474.0,11671.0,11614.0,11593.0,11571.0,11604.0,11561.0,11567.0,11518.0,11596.0,11736.0,11735.0,11849.0,11866.0,11936.0,11995.0,12057.0,12143.0,12311.0,12385.0,12438.0,12533.0,12669.0,12934.0,13157.0,13277.0,13411.0,13680.0,13904.0,14223.0,14698.0,15139.0,15335.0,15444.0,15654.0,16000.0,16358.0,16599.0,16935.0,17286.0,17588.0,17850.0,18135.0,18432.0,18701.0,19057.0,19312.0,19471.0,19622.0,19701.0,19814.0,19975.0,20077.0,20095.0,20227.0,20389.0,20561.0,20654.0,20810.0,20943.0,20971.0,21024.0,21071.0,21068.0,21104.0,21191.0,21147.0,21103.0,21044.0,20974.0,20914.0,20854.0,20802.0,20738.0,20704.0,20655.0,20615.0,20579.0,20483.0,20449.0,20377.0,20287.0,20270.0,20240.0,20248.0,20187.0,20066.0,19998.0,19973.0,19905.0,19778.0,19687.0,19501.0,19328.0,19176.0,19070.0,18907.0,18862.0,18761.0,18704.0,18616.0,18485.0,18302.0,18147.0,18036.0,17953.0,17833.0,17602.0,17521.0,17562.0,17472.0,17387.0,17353.0,
Net Demand 04/06/2020,17225.0,17135.0,17137.0,17112.0,17126.0,17084.0,17038.0,16972.0,16877.0,16857.0,16809.0,16747.0,16711.0,16640.0,16558.0,16406.0,16322.0,16220.0,16064.0,15980.0,15910.0,15937.0,16004.0,16075.0,16132.0,16120.0,16133.0,16072.0,15937.0,15849.0,15782.0,15791.0,15837.0,15847.0,15916.0,15928.0,16015.0,16102.0,16174.0,16215.0,16282.0,16378.0,16466.0,16541.0,16571.0,16623.0,16712.0,16748.0,16786.0,16834.0,16896.0,16894.0,16900.0,16921.0,16976.0,16998.0,17029.0,17019.0,17052.0,17156.0,17257.0,17472.0,17694.0,17834.0,17918.0,18026.0,18119.0,18218.0,18330.0,18390.0,18481.0,18658.0,18903.0,19237.0,19406.0,19647.0,19928.0,20033.0,20147.0,20217.0,20239.0,20273.0,20244.0,20193.0,20145.0,20137.0,20087.0,20036.0,20025.0,19942.0,19788.0,19640.0,19465.0,19350.0,19190.0,19045.0,18788.0,18566.0,18418.0,18179.0,17977.0,17984.0,17791.0,17787.0,17799.0,17753.0,17697.0,17651.0,17709.0,17788.0,17864.0,17808.0,17779.0,17533.0,17138.0,16927.0,16822.0,16549.0,16464.0,16327.0,16144.0,16085.0,15896.0,15592.0,15423.0,15339.0,15403.0,15412.0,15301.0,15177.0,15041.0,14968.0,14790.0,14631.0,14751.0,14729.0,14624.0,14615.0,14622.0,14568.0,14466.0,14286.0,14260.0,14337.0,14219.0,13948.0,13979.0,14057.0,13931.0,13644.0,13272.0,13287.0,13309.0,13267.0,13300.0,13407.0,13438.0,13602.0,13674.0,13790.0,13913.0,13793.0,13577.0,13630.0,13806.0,13629.0,13526.0,13471.0,13406.0,13148.0,12891.0,12831.0,12829.0,12953.0,12786.0,12682.0,12559.0,12473.0,12301.0,12709.0,12830.0,12778.0,12704.0,12466.0,12489.0,12901.0,13684.0,13862.0,13754.0,13441.0,12751.0,12551.0,12863.0,13227.0,13351.0,13413.0,13445.0,13847.0,14032.0,14257.0,14482.0,14750.0,15045.0,15067.0,15130.0,15168.0,15650.0,15926.0,16065.0,16324.0,16557.0,16830.0,17223.0,17466.0,17828.0,18160.0,18455.0,18930.0,19279.0,19722.0,20226.0,20731.0,21198.0,21531.0,21808.0,21901.0,22097.0,22427.0,22643.0,22800.0,23025.0,23213.0,23359.0,23518.0,23604.0,23678.0,23765.0,23870.0,23952.0,23949.0,23903.0,23904.0,23875.0,23835.0,23785.0,23711.0,23641.0,23567.0,23530.0,23494.0,23388.0,23284.0,23212.0,23112.0,23037.0,22938.0,22812.0,22752.0,22671.0,22619.0,22560.0,22482.0,22360.0,22269.0,22187.0,22033.0,21935.0,21806.0,21631.0,21496.0,21346.0,21196.0,21081.0,21010.0,20923.0,20829.0,20689.0,20541.0,20396.0,20281.0,20175.0,20115.0,20002.0,19848.0,19755.0,19672.0,19671.0,19580.0,
Net Demand 04/07/2020,19504.0,19412.0,19377.0,19263.0,19145.0,19032.0,18920.0,18826.0,18710.0,18620.0,18532.0,18478.0,18459.0,18428.0,18349.0,18322.0,18283.0,18252.0,18199.0,18035.0,17877.0,17915.0,17905.0,17858.0,17854.0,17819.0,17744.0,17728.0,17683.0,17613.0,17572.0,17540.0,17512.0,17510.0,17519.0,17540.0,17539.0,17555.0,17610.0,17603.0,17576.0,17539.0,17565.0,17558.0,17581.0,17640.0,17644.0,17645.0,17715.0,17823.0,17934.0,18012.0,18123.0,18148.0,18213.0,18286.0,18352.0,18422.0,18455.0,18488.0,18548.0,18692.0,18913.0,19042.0,19176.0,19264.0,19325.0,19453.0,19572.0,19674.0,19794.0,19931.0,20040.0,20427.0,20727.0,20890.0,21036.0,21118.0,21142.0,21136.0,21173.0,21113.0,20998.0,20969.0,20878.0,20750.0,20533.0,20400.0,20212.0,19996.0,19755.0,19567.0,19433.0,19255.0,18948.0,18647.0,18354.0,17915.0,17487.0,17071.0,16867.0,16518.0,16294.0,16052.0,15764.0,15499.0,15265.0,15003.0,14757.0,14544.0,14316.0,14134.0,13920.0,13649.0,13398.0,13313.0,13141.0,12830.0,12623.0,12580.0,12252.0,11801.0,11440.0,11435.0,11726.0,11595.0,11748.0,11901.0,11870.0,11718.0,11674.0,11629.0,11645.0,11678.0,11583.0,11286.0,10922.0,10768.0,10911.0,11169.0,11289.0,11028.0,10744.0,10765.0,10740.0,10461.0,10149.0,10036.0,10052.0,10185.0,10140.0,10265.0,10456.0,10673.0,10899.0,10880.0,10879.0,11137.0,11486.0,11986.0,12152.0,12126.0,12152.0,12295.0,12579.0,12820.0,13000.0,12899.0,12722.0,13032.0,13043.0,13163.0,13254.0,13141.0,13144.0,13421.0,13515.0,13450.0,13206.0,13200.0,13094.0,12737.0,12338.0,12163.0,12276.0,12573.0,12929.0,13226.0,13594.0,13929.0,14225.0,14464.0,14650.0,14725.0,14699.0,15088.0,15367.0,15401.0,15520.0,15751.0,15850.0,15885.0,15998.0,16286.0,16577.0,16805.0,17050.0,17380.0,17419.0,17660.0,17895.0,18117.0,18438.0,18726.0,19033.0,19415.0,19795.0,20046.0,20380.0,20740.0,21009.0,21271.0,21642.0,21874.0,22071.0,22300.0,22470.0,22650.0,22752.0,22765.0,22729.0,22783.0,22897.0,23009.0,23012.0,22853.0,22848.0,22936.0,22801.0,22657.0,22431.0,22231.0,22175.0,22286.0,22489.0,22616.0,22746.0,22791.0,22738.0,22726.0,22662.0,22599.0,22495.0,22416.0,22412.0,22409.0,22407.0,22367.0,22301.0,22241.0,22188.0,22045.0,21923.0,21826.0,21688.0,21443.0,21248.0,21074.0,20970.0,20873.0,20761.0,20634.0,20468.0,20289.0,20155.0,20036.0,19900.0,19692.0,19441.0,19243.0,19125.0,19039.0,18978.0,18939.0,18938.0,18897.0,18888.0,18791.0,
Net Demand 04/08/2020,18695.0,18640.0,18585.0,18539.0,18486.0,18386.0,18293.0,18178.0,18103.0,17957.0,17870.0,17811.0,17723.0,17376.0,17263.0,17437.0,17425.0,17398.0,17432.0,17434.0,17333.0,17307.0,17227.0,17182.0,17150.0,17120.0,17132.0,17082.0,17031.0,17050.0,17008.0,16936.0,16883.0,16849.0,16892.0,16876.0,16912.0,16840.0,16836.0,16795.0,16727.0,16707.0,16701.0,16706.0,16673.0,16674.0,16669.0,16679.0,16679.0,16809.0,16960.0,17015.0,17073.0,17158.0,17255.0,17313.0,17429.0,17540.0,17626.0,17731.0,17853.0,18045.0,18304.0,18415.0,18501.0,18478.0,18536.0,18702.0,18820.0,18910.0,19060.0,19173.0,19298.0,19534.0,19819.0,19895.0,20018.0,20128.0,20240.0,20265.0,20297.0,20287.0,20319.0,20362.0,20390.0,20483.0,20597.0,20551.0,20494.0,20438.0,20352.0,20305.0,20303.0,20231.0,20071.0,19977.0,19962.0,20029.0,19958.0,19884.0,19868.0,19429.0,19147.0,19420.0,19420.0,19268.0,19188.0,19066.0,18759.0,18446.0,18336.0,18166.0,18007.0,17873.0,17768.0,17851.0,17863.0,17595.0,17477.0,17452.0,17235.0,17094.0,16945.0,16809.0,16306.0,16189.0,16209.0,15949.0,15761.0,15732.0,15658.0,15469.0,15195.0,15163.0,14984.0,15026.0,14896.0,14953.0,14808.0,14707.0,14597.0,14503.0,14196.0,14463.0,14749.0,14772.0,14864.0,14840.0,14746.0,14694.0,14552.0,14488.0,14451.0,14378.0,14284.0,14180.0,14136.0,14194.0,14120.0,14054.0,14160.0,14094.0,14105.0,13808.0,13728.0,13714.0,13920.0,14002.0,14107.0,13922.0,13856.0,13920.0,13997.0,14060.0,13925.0,14086.0,14192.0,14067.0,13866.0,13832.0,13840.0,13897.0,13891.0,14164.0,14238.0,14207.0,14225.0,14202.0,14427.0,14552.0,14829.0,14879.0,14953.0,14932.0,15097.0,15070.0,15155.0,15428.0,15442.0,15498.0,15673.0,15970.0,16400.0,16558.0,16763.0,17055.0,17396.0,17622.0,17836.0,18048.0,18213.0,18477.0,18860.0,19183.0,19461.0,19731.0,19936.0,20209.0,20446.0,20646.0,20837.0,21068.0,21251.0,21387.0,21539.0,21671.0,21741.0,21879.0,21992.0,22145.0,22235.0,22303.0,22399.0,22577.0,22735.0,22851.0,23004.0,23244.0,23160.0,23139.0,23060.0,22929.0,22812.0,22702.0,22603.0,22664.0,22656.0,22591.0,22552.0,22495.0,22435.0,22351.0,22200.0,22111.0,22019.0,21890.0,21762.0,21656.0,21550.0,21469.0,21601.0,21536.0,21462.0,21337.0,21207.0,21123.0,20910.0,20775.0,20620.0,20506.0,20422.0,20284.0,20111.0,20065.0,20004.0,19966.0,19884.0,19715.0,19556.0,19268.0,18936.0,18787.0,18655.0,18584.0,18477.0,18388.0,18265.0,18157.0,
Net Demand 04/09/2020,18158.0,18211.0,18186.0,18178.0,18159.0,18101.0,18027.0,18021.0,17982.0,17953.0,17872.0,17863.0,17868.0,17818.0,17701.0,17727.0,17765.0,17736.0,17769.0,17793.0,17810.0,17780.0,17740.0,17693.0,17680.0,17706.0,17711.0,17536.0,17564.0,17729.0,17790.0,17769.0,17762.0,17783.0,17794.0,17765.0,17804.0,17852.0,17858.0,17872.0,17913.0,17921.0,17950.0,17930.0,17932.0,17940.0,17973.0,18005.0,18064.0,18122.0,18231.0,18271.0,18302.0,18297.0,18356.0,18408.0,18479.0,18504.0,18549.0,18611.0,18658.0,18830.0,19001.0,19141.0,19200.0,19284.0,19273.0,19395.0,19490.0,19549.0,19639.0,19699.0,19793.0,20043.0,20302.0,20471.0,20579.0,20658.0,20660.0,20708.0,20716.0,20673.0,20585.0,20496.0,20438.0,20489.0,20458.0,20442.0,20408.0,20368.0,20327.0,20346.0,20306.0,20285.0,20240.0,20158.0,20009.0,19719.0,19682.0,19671.0,19553.0,19405.0,19139.0,18821.0,18847.0,19011.0,19094.0,19112.0,18991.0,19006.0,18957.0,18848.0,18778.0,18481.0,18373.0,18557.0,18542.0,18588.0,18704.0,18640.0,18528.0,18314.0,18268.0,18159.0,18019.0,17880.0,17691.0,17469.0,17266.0,17062.0,16891.0,16725.0,16639.0,16683.0,16714.0,16797.0,16962.0,16878.0,16589.0,16587.0,16585.0,16689.0,16601.0,16354.0,16030.0,15639.0,15455.0,15355.0,15348.0,15223.0,15197.0,15220.0,15357.0,15298.0,15234.0,15473.0,15695.0,15847.0,15889.0,15904.0,16031.0,16158.0,16146.0,15860.0,15938.0,16137.0,16099.0,15883.0,15653.0,15666.0,15709.0,15650.0,15946.0,16005.0,16014.0,15887.0,15864.0,15971.0,16012.0,16070.0,16091.0,16241.0,16213.0,16213.0,16213.0,16340.0,16318.0,16419.0,16493.0,16505.0,16538.0,16576.0,16666.0,16717.0,16775.0,16955.0,17068.0,17064.0,17209.0,17404.0,17546.0,17588.0,17572.0,17543.0,17584.0,17742.0,17915.0,18206.0,18496.0,18765.0,18832.0,19067.0,19345.0,19544.0,19802.0,20103.0,20450.0,20731.0,20967.0,21246.0,21536.0,21716.0,21889.0,22105.0,22335.0,22425.0,22528.0,22697.0,22801.0,22894.0,23057.0,23136.0,23269.0,23414.0,23498.0,23621.0,23684.0,23726.0,23791.0,23864.0,23900.0,23866.0,23853.0,23815.0,23767.0,23677.0,23620.0,23511.0,23418.0,23324.0,23245.0,23165.0,23091.0,22981.0,22888.0,22790.0,22667.0,22597.0,22522.0,22456.0,22499.0,22428.0,22313.0,22180.0,22045.0,21853.0,21708.0,21552.0,21389.0,21174.0,21025.0,20842.0,20672.0,20499.0,20335.0,20184.0,20035.0,19933.0,19734.0,19629.0,19513.0,19389.0,19330.0,19329.0,19293.0,19240.0,19133.0,19021.0,
Net Demand 04/10/2020,18953.0,18902.0,18961.0,18942.0,18894.0,18776.0,18664.0,18609.0,18595.0,18478.0,18430.0,18363.0,18282.0,18172.0,18084.0,18031.0,17933.0,17834.0,17719.0,17696.0,17695.0,17665.0,17633.0,17587.0,17506.0,17487.0,17462.0,17349.0,17274.0,17276.0,17287.0,17283.0,17270.0,17244.0,17215.0,17176.0,17161.0,17164.0,17166.0,17147.0,17151.0,17137.0,17096.0,17103.0,17094.0,17086.0,17115.0,17128.0,17109.0,17132.0,17161.0,17168.0,17183.0,17199.0,17262.0,17361.0,17438.0,17502.0,17585.0,17653.0,17727.0,17865.0,18046.0,18173.0,18258.0,18317.0,18335.0,18391.0,18456.0,18486.0,18569.0,18630.0,18706.0,18991.0,19254.0,19406.0,19511.0,19596.0,19631.0,19666.0,19675.0,19708.0,19676.0,19652.0,19626.0,19644.0,19635.0,19545.0,19427.0,19299.0,19157.0,19046.0,18831.0,18610.0,18450.0,18199.0,18000.0,17960.0,17902.0,17825.0,17725.0,17650.0,17564.0,17357.0,17136.0,16917.0,16658.0,16407.0,16306.0,16123.0,15869.0,15690.0,15611.0,15460.0,15167.0,14862.0,14744.0,14719.0,14659.0,14584.0,14506.0,14389.0,14403.0,14269.0,14252.0,14152.0,13935.0,13744.0,13666.0,13618.0,13603.0,13516.0,13430.0,13510.0,13279.0,13323.0,13373.0,13264.0,13073.0,12931.0,12943.0,13013.0,12934.0,12772.0,12499.0,12174.0,12158.0,12188.0,12083.0,11882.0,11926.0,11980.0,11849.0,11792.0,11747.0,11712.0,11662.0,11615.0,11572.0,11443.0,11726.0,11853.0,11984.0,11960.0,11951.0,11921.0,11871.0,12064.0,11764.0,11613.0,11363.0,11333.0,11527.0,11584.0,11633.0,11806.0,11942.0,12042.0,12030.0,12118.0,12188.0,12111.0,12242.0,12274.0,12281.0,12459.0,12469.0,12754.0,12862.0,12827.0,12546.0,12481.0,12539.0,12874.0,13252.0,13541.0,13572.0,13943.0,14006.0,14216.0,14637.0,14781.0,14867.0,14951.0,15099.0,15344.0,15614.0,15821.0,16064.0,16432.0,16765.0,16988.0,17358.0,17542.0,17831.0,18098.0,18310.0,18335.0,18445.0,18739.0,19018.0,19265.0,19594.0,19940.0,20196.0,20428.0,20678.0,20888.0,21067.0,21219.0,21351.0,21484.0,21624.0,21737.0,21921.0,22077.0,22259.0,22394.0,22452.0,22489.0,22499.0,22533.0,22576.0,22597.0,22602.0,22518.0,22392.0,22228.0,22112.0,22017.0,21916.0,21851.0,21790.0,21728.0,21639.0,21538.0,21500.0,21479.0,21402.0,21328.0,21309.0,21252.0,21163.0,21089.0,20934.0,20856.0,20770.0,20718.0,20666.0,20534.0,20249.0,20099.0,19960.0,19785.0,19594.0,19390.0,19207.0,18995.0,18798.0,18636.0,18460.0,18301.0,18200.0,18102.0,18014.0,17925.0,17803.0,17724.0,
Net Demand 04/11/2020,17591.0,17610.0,17628.0,17635.0,17534.0,17466.0,17360.0,17268.0,17186.0,17044.0,16940.0,16849.0,16741.0,16635.0,16538.0,16421.0,16276.0,16129.0,16009.0,15848.0,15693.0,15577.0,15483.0,15400.0,15331.0,15253.0,15171.0,15154.0,15103.0,15052.0,14978.0,14941.0,14901.0,14907.0,14872.0,14858.0,14841.0,14902.0,14918.0,14883.0,14859.0,14876.0,14919.0,14904.0,14901.0,14901.0,14924.0,14904.0,14921.0,14939.0,14960.0,15013.0,14970.0,14982.0,15045.0,15057.0,15082.0,15081.0,15132.0,15142.0,15161.0,15196.0,15197.0,15218.0,15261.0,15346.0,15343.0,15342.0,15367.0,15398.0,15461.0,15498.0,15528.0,15686.0,15795.0,15910.0,15966.0,15990.0,15951.0,15900.0,15819.0,15706.0,15510.0,15227.0,14975.0,14767.0,14504.0,14194.0,13850.0,13455.0,13015.0,12674.0,12292.0,11881.0,11467.0,10992.0,10471.0,10317.0,10002.0,9715.0,9327.0,9323.0,9202.0,9182.0,9257.0,8967.0,8647.0,8329.0,8114.0,8093.0,7857.0,7593.0,7402.0,7343.0,7315.0,7262.0,7124.0,7458.0,7895.0,7869.0,7827.0,7572.0,7376.0,7376.0,7325.0,7334.0,7372.0,7472.0,7365.0,7461.0,7557.0,7538.0,7360.0,7055.0,6722.0,6301.0,6323.0,6395.0,6238.0,6057.0,6108.0,6196.0,6172.0,6146.0,6173.0,6155.0,6118.0,6088.0,6169.0,6251.0,6235.0,5921.0,5537.0,5441.0,5243.0,5167.0,5155.0,5187.0,5044.0,5053.0,5071.0,5118.0,5211.0,4895.0,4682.0,4815.0,4891.0,4798.0,5022.0,5362.0,5464.0,5507.0,5651.0,5798.0,5775.0,5614.0,5426.0,5512.0,5623.0,5836.0,5813.0,5903.0,5995.0,6018.0,5895.0,5757.0,5649.0,5404.0,5260.0,5245.0,5287.0,5597.0,5704.0,5786.0,5892.0,6039.0,6121.0,6193.0,5869.0,5660.0,5986.0,6511.0,6713.0,6950.0,7552.0,7789.0,7959.0,8101.0,8062.0,8096.0,8207.0,8219.0,8193.0,8417.0,8939.0,9554.0,10220.0,10811.0,11404.0,11966.0,12524.0,13174.0,13765.0,14347.0,14913.0,15425.0,15817.0,16089.0,16370.0,16586.0,16828.0,17068.0,17341.0,17544.0,17705.0,17922.0,18087.0,18273.0,18340.0,18496.0,18579.0,18651.0,18602.0,18605.0,18550.0,18554.0,18480.0,18375.0,18331.0,18241.0,18216.0,18100.0,17963.0,17866.0,17807.0,17747.0,17756.0,17783.0,17742.0,17664.0,17635.0,17604.0,17516.0,17388.0,17306.0,17208.0,17091.0,17053.0,16969.0,16833.0,16695.0,16566.0,16394.0,16275.0,16064.0,15953.0,15788.0,15661.0,15457.0,15346.0,15238.0,15095.0,15051.0,14940.0,14823.0,14744.0,14713.0,14723.0,
Net Demand 04/12/2020,14650.0,14691.0,14725.0,14658.0,14575.0,14528.0,14426.0,14229.0,14082.0,14035.0,13938.0,13838.0,13606.0,13464.0,13478.0,13447.0,13463.0,13455.0,13466.0,13403.0,13419.0,13425.0,13464.0,13519.0,13591.0,13599.0,13620.0,13533.0,13520.0,13466.0,13404.0,13372.0,13380.0,13366.0,13333.0,13252.0,13182.0,13165.0,13143.0,13131.0,13105.0,13090.0,13046.0,12996.0,12969.0,13003.0,12995.0,13012.0,12989.0,13019.0,13008.0,12994.0,12982.0,13029.0,13044.0,13064.0,13074.0,13114.0,13126.0,13196.0,13261.0,13374.0,13434.0,13505.0,13552.0,13588.0,13648.0,13707.0,13684.0,13722.0,13717.0,13704.0,13741.0,13860.0,13976.0,14020.0,14017.0,13985.0,14022.0,13971.0,13850.0,13711.0,13528.0,13208.0,12843.0,12601.0,12292.0,11935.0,11573.0,11231.0,10967.0,10564.0,10161.0,9742.0,9313.0,8831.0,8417.0,8172.0,7764.0,7566.0,7425.0,7487.0,7531.0,7376.0,7261.0,7178.0,6984.0,6962.0,6990.0,6649.0,6500.0,6304.0,6168.0,6173.0,6280.0,6526.0,6484.0,6618.0,6771.0,6805.0,6580.0,6361.0,6832.0,7746.0,7839.0,7181.0,6156.0,5998.0,6068.0,6380.0,6293.0,6054.0,5732.0,5405.0,5425.0,5627.0,6136.0,6305.0,6463.0,6273.0,6112.0,6098.0,5990.0,5960.0,6519.0,6882.0,5685.0,5274.0,5260.0,5501.0,5724.0,5638.0,5484.0,5465.0,5386.0,5474.0,5410.0,5132.0,5198.0,5339.0,5219.0,5182.0,5169.0,5029.0,5056.0,5030.0,5052.0,5142.0,5194.0,5223.0,5360.0,5509.0,5422.0,5301.0,5194.0,4905.0,4864.0,4952.0,4950.0,5067.0,5181.0,5208.0,5266.0,5201.0,5253.0,5143.0,5056.0,5381.0,5518.0,5358.0,5313.0,5661.0,5933.0,6338.0,6461.0,6373.0,6513.0,6814.0,7128.0,7249.0,7139.0,7072.0,7051.0,7436.0,7906.0,8582.0,8721.0,8883.0,9303.0,9389.0,9712.0,9972.0,10495.0,10932.0,11477.0,11997.0,12584.0,13244.0,13771.0,14255.0,14737.0,15253.0,15733.0,16259.0,16688.0,17203.0,17647.0,17934.0,18141.0,18393.0,18655.0,18863.0,19140.0,19268.0,19401.0,19491.0,19654.0,19753.0,19810.0,19825.0,19900.0,19931.0,19930.0,19949.0,19976.0,20012.0,20006.0,19944.0,19900.0,19901.0,19839.0,19785.0,19713.0,19639.0,19527.0,19432.0,19394.0,19375.0,19323.0,19318.0,19254.0,19177.0,19066.0,18938.0,18776.0,18619.0,18502.0,18349.0,18186.0,18023.0,17869.0,17709.0,17584.0,17444.0,17292.0,17172.0,17108.0,16957.0,16824.0,16687.0,16566.0,16459.0,16329.0,16240.0,16245.0,16205.0,16112.0,16064.0,
Net Demand 04/13/2020,16024.0,16004.0,16002.0,15934.0,15841.0,15756.0,15675.0,15648.0,15608.0,15537.0,15401.0,15281.0,15113.0,14969.0,15003.0,14939.0,14875.0,14811.0,14727.0,14579.0,14475.0,14313.0,14077.0,13846.0,13537.0,13302.0,13085.0,13004.0,12943.0,12946.0,12936.0,12919.0,12892.0,12826.0,12727.0,12680.0,12730.0,12760.0,12829.0,12892.0,12898.0,12846.0,12797.0,12746.0,12722.0,12709.0,12731.0,12792.0,12844.0,12912.0,12929.0,12937.0,12901.0,12934.0,13022.0,13059.0,13138.0,13226.0,13369.0,13541.0,13666.0,13987.0,14313.0,14465.0,14489.0,14615.0,14692.0,14816.0,14975.0,15129.0,15253.0,15402.0,15638.0,15949.0,16253.0,16337.0,16325.0,16389.0,16376.0,16395.0,16315.0,16220.0,16107.0,15968.0,15820.0,15673.0,15431.0,15137.0,14801.0,14518.0,14207.0,13997.0,13685.0,13188.0,13006.0,12586.0,12195.0,11675.0,11264.0,10878.0,10462.0,10156.0,9890.0,9830.0,9900.0,9817.0,9644.0,9335.0,9126.0,8913.0,8745.0,8572.0,8383.0,8235.0,7946.0,7824.0,7693.0,7549.0,7525.0,7500.0,7348.0,7090.0,7040.0,7122.0,7112.0,7068.0,6960.0,6808.0,6750.0,6726.0,6658.0,6690.0,6683.0,6657.0,6946.0,6920.0,6821.0,6719.0,6747.0,6682.0,6622.0,6612.0,6666.0,6757.0,6792.0,6845.0,6693.0,6622.0,6589.0,6621.0,6544.0,6459.0,6557.0,6491.0,6409.0,6392.0,6363.0,6198.0,6155.0,6184.0,6197.0,6181.0,6310.0,6390.0,6466.0,6445.0,6415.0,6485.0,6574.0,6362.0,6061.0,5835.0,5910.0,5926.0,5907.0,5913.0,5939.0,5938.0,5785.0,5903.0,5857.0,5843.0,5833.0,6011.0,6058.0,6070.0,6105.0,6171.0,6181.0,6158.0,6309.0,6489.0,6743.0,6931.0,7077.0,7243.0,7432.0,7363.0,7306.0,7611.0,7697.0,7807.0,8161.0,8318.0,8376.0,8607.0,8788.0,8999.0,9552.0,9758.0,9932.0,10277.0,10877.0,11449.0,11894.0,12414.0,12935.0,13616.0,14217.0,14825.0,15340.0,15828.0,16350.0,16894.0,17392.0,17861.0,18369.0,18795.0,19120.0,19300.0,19501.0,19705.0,19958.0,20129.0,20272.0,20437.0,20528.0,20677.0,20758.0,20849.0,20886.0,20878.0,20865.0,20794.0,20717.0,20607.0,20536.0,20431.0,20327.0,20265.0,20167.0,20092.0,19970.0,19857.0,19711.0,19647.0,19551.0,19460.0,19325.0,19255.0,19158.0,19009.0,18878.0,18773.0,18645.0,18512.0,18331.0,18190.0,18056.0,17951.0,17816.0,17675.0,17576.0,17440.0,17338.0,17227.0,17137.0,17006.0,16949.0,16864.0,16785.0,16719.0,16687.0,16640.0,16691.0,16644.0,16631.0,16572.0,
Net Demand 04/14/2020,16606.0,16636.0,16704.0,16667.0,16582.0,16548.0,16541.0,16549.0,16537.0,16585.0,16594.0,16576.0,16582.0,16634.0,16702.0,16744.0,16757.0,16739.0,16736.0,16708.0,16719.0,16719.0,16698.0,16744.0,16724.0,16695.0,16682.0,16668.0,16666.0,16693.0,16631.0,16596.0,16562.0,16529.0,16537.0,16543.0,16617.0,16811.0,16983.0,17024.0,17045.0,17100.0,17133.0,17156.0,17197.0,17251.0,17262.0,17255.0,17282.0,17422.0,17502.0,17492.0,17463.0,17454.0,17484.0,17532.0,17585.0,17618.0,17644.0,17676.0,17752.0,17947.0,18157.0,18289.0,18362.0,18453.0,18488.0,18592.0,18672.0,18789.0,18899.0,19033.0,19169.0,19488.0,19674.0,19747.0,19750.0,19707.0,19637.0,19532.0,19414.0,19212.0,18990.0,18686.0,18339.0,18075.0,17678.0,17248.0,16800.0,16310.0,15811.0,15320.0,14780.0,14267.0,13758.0,13257.0,12774.0,12422.0,12012.0,11622.0,11324.0,10860.0,10407.0,10048.0,9752.0,9573.0,9472.0,9430.0,9172.0,8998.0,8701.0,8487.0,8366.0,8380.0,8433.0,8592.0,8598.0,8552.0,8555.0,8315.0,7751.0,7487.0,7681.0,7732.0,7719.0,7662.0,7485.0,7371.0,7346.0,7433.0,7490.0,7581.0,7586.0,7514.0,7388.0,7432.0,7473.0,7538.0,7553.0,7581.0,7673.0,7722.0,7723.0,7736.0,7599.0,7303.0,7272.0,7291.0,7452.0,7468.0,7392.0,7379.0,7480.0,7352.0,7311.0,7207.0,7144.0,6696.0,6558.0,6659.0,6823.0,6867.0,7016.0,7089.0,7063.0,7045.0,6933.0,6929.0,6933.0,7154.0,7078.0,7097.0,7108.0,7115.0,7195.0,7126.0,7197.0,7217.0,7210.0,7335.0,7338.0,7327.0,7357.0,7345.0,7232.0,7373.0,7324.0,7354.0,7386.0,7525.0,7661.0,7998.0,8303.0,8592.0,8966.0,9174.0,9245.0,9278.0,9304.0,9315.0,9344.0,9459.0,9709.0,10338.0,10841.0,11178.0,11653.0,11641.0,11422.0,11554.0,11958.0,12449.0,12983.0,13546.0,14182.0,14832.0,15460.0,16016.0,16629.0,17293.0,17944.0,18581.0,19238.0,19858.0,20408.0,20993.0,21565.0,21954.0,22278.0,22541.0,22757.0,22951.0,23112.0,23350.0,23528.0,23664.0,23790.0,23935.0,24011.0,24056.0,24068.0,24057.0,24083.0,24061.0,24000.0,23956.0,23916.0,23838.0,23743.0,23694.0,23604.0,23517.0,23408.0,23322.0,23231.0,23123.0,23027.0,22927.0,22824.0,22707.0,22548.0,22369.0,22245.0,22147.0,22029.0,21895.0,21798.0,21674.0,21524.0,21386.0,21256.0,21095.0,20974.0,20828.0,20699.0,20550.0,20403.0,20298.0,20159.0,19993.0,19818.0,19686.0,19546.0,19351.0,19225.0,19155.0,19063.0,18924.0,
Net Demand 04/15/2020,18780.0,18722.0,18767.0,18700.0,18606.0,18530.0,18429.0,18353.0,18296.0,18221.0,18115.0,18055.0,18007.0,17910.0,17909.0,17881.0,17829.0,17735.0,17645.0,17595.0,17485.0,17400.0,17302.0,17272.0,17215.0,17130.0,17091.0,17036.0,17001.0,16933.0,16911.0,16848.0,16791.0,16727.0,16722.0,16730.0,16758.0,16784.0,16804.0,16810.0,16813.0,16793.0,16800.0,16807.0,16793.0,16868.0,16973.0,17037.0,17116.0,17240.0,17303.0,17416.0,17498.0,17536.0,17567.0,17643.0,17741.0,17806.0,17883.0,17921.0,17920.0,18037.0,18138.0,18233.0,18259.0,18299.0,18330.0,18471.0,18562.0,18619.0,18707.0,18798.0,18950.0,19132.0,19292.0,19368.0,19377.0,19350.0,19261.0,19174.0,19032.0,18828.0,18592.0,18288.0,17910.0,17618.0,17256.0,16812.0,16279.0,15778.0,15267.0,14720.0,14105.0,13459.0,13116.0,12793.0,12222.0,11686.0,11279.0,10887.0,10523.0,10195.0,9918.0,9644.0,9416.0,9225.0,8994.0,8901.0,8730.0,8563.0,8387.0,8276.0,8104.0,8001.0,7842.0,7717.0,7535.0,7401.0,7299.0,7230.0,7110.0,7065.0,6930.0,6889.0,7074.0,7226.0,7183.0,7127.0,7100.0,7084.0,7050.0,7009.0,7035.0,7023.0,6985.0,6994.0,6943.0,6926.0,7066.0,7052.0,7066.0,7124.0,7186.0,7158.0,7115.0,7007.0,7180.0,7483.0,7546.0,7560.0,7416.0,7092.0,7123.0,7137.0,7130.0,7125.0,7255.0,7295.0,7252.0,7302.0,7327.0,7435.0,7406.0,7357.0,7343.0,7398.0,7315.0,7200.0,7130.0,7163.0,7193.0,7200.0,7321.0,7300.0,7183.0,7228.0,7225.0,7183.0,7210.0,7363.0,7468.0,7535.0,7630.0,7696.0,7633.0,7561.0,7347.0,7329.0,7495.0,7618.0,7587.0,7730.0,7935.0,8139.0,8367.0,8636.0,8748.0,8816.0,8895.0,8929.0,8957.0,9113.0,9285.0,9532.0,9800.0,10296.0,10455.0,10594.0,10683.0,10645.0,10605.0,10798.0,11133.0,11643.0,12174.0,12754.0,13288.0,13799.0,14368.0,15113.0,15803.0,16444.0,16998.0,17570.0,18098.0,18586.0,19167.0,19589.0,19903.0,20106.0,20265.0,20392.0,20530.0,20779.0,21064.0,21230.0,21375.0,21456.0,21528.0,21540.0,21502.0,21422.0,21302.0,21237.0,21165.0,21117.0,21094.0,21025.0,20941.0,20923.0,20872.0,20760.0,20622.0,20597.0,20544.0,20420.0,20321.0,20192.0,20088.0,19930.0,19819.0,19745.0,19666.0,19549.0,19375.0,19159.0,19023.0,18761.0,18621.0,18587.0,18557.0,18417.0,18375.0,18261.0,18146.0,18007.0,17862.0,17720.0,17586.0,17450.0,17314.0,17156.0,16968.0,16813.0,16712.0,16620.0,16536.0,16455.0,
Net Demand 04/16/2020,16335.0,16279.0,16154.0,16139.0,16167.0,16186.0,16147.0,16146.0,16080.0,16009.0,15970.0,15856.0,15746.0,15699.0,15695.0,15598.0,15503.0,15458.0,15331.0,15211.0,15091.0,14994.0,14890.0,14844.0,14768.0,14732.0,14755.0,14715.0,14677.0,14697.0,14694.0,14649.0,14554.0,14536.0,14496.0,14510.0,14487.0,14505.0,14490.0,14524.0,14454.0,14499.0,14525.0,14463.0,14419.0,14430.0,14424.0,14474.0,14471.0,14562.0,14742.0,14803.0,14875.0,14917.0,14879.0,14924.0,14999.0,15020.0,15085.0,15142.0,15286.0,15435.0,15625.0,15729.0,15827.0,15862.0,15907.0,16016.0,16112.0,16217.0,16354.0,16481.0,16593.0,16868.0,17062.0,17187.0,17192.0,17162.0,17049.0,16889.0,16709.0,16553.0,16359.0,16101.0,15827.0,15582.0,15247.0,14800.0,14301.0,13923.0,13478.0,13121.0,12797.0,12430.0,11991.0,11620.0,10915.0,10079.0,9636.0,9212.0,8882.0,8556.0,8357.0,8476.0,8465.0,8496.0,8494.0,8474.0,8488.0,8481.0,8270.0,8241.0,8166.0,8053.0,8011.0,7943.0,7831.0,7778.0,7698.0,7599.0,7539.0,7683.0,7359.0,7264.0,7238.0,7255.0,7211.0,7275.0,7243.0,7274.0,7152.0,6972.0,7115.0,7217.0,6875.0,6986.0,6855.0,6894.0,6914.0,6993.0,6960.0,6950.0,6857.0,7072.0,7190.0,7373.0,7167.0,7012.0,7165.0,7195.0,7207.0,7070.0,7045.0,7275.0,7781.0,7873.0,8002.0,7977.0,7995.0,7780.0,7276.0,7197.0,7165.0,7482.0,7521.0,7782.0,8057.0,8076.0,8112.0,8287.0,8276.0,8132.0,7981.0,8046.0,7932.0,7943.0,8253.0,8307.0,8439.0,8519.0,8559.0,8732.0,8808.0,8600.0,8240.0,8158.0,8389.0,8742.0,9043.0,8930.0,8963.0,9149.0,9483.0,9719.0,9905.0,10103.0,10109.0,10016.0,9943.0,10154.0,10361.0,10201.0,10144.0,10332.0,10941.0,11514.0,11766.0,11953.0,12056.0,12120.0,12051.0,11992.0,12308.0,12831.0,13450.0,14072.0,14648.0,15166.0,15804.0,16437.0,17172.0,17585.0,18027.0,18515.0,18993.0,19422.0,19877.0,20353.0,20649.0,20911.0,21000.0,21263.0,21457.0,21535.0,21591.0,21563.0,21632.0,21704.0,21785.0,21829.0,21826.0,21825.0,21791.0,21762.0,21762.0,21704.0,21694.0,21645.0,21603.0,21530.0,21470.0,21414.0,21362.0,21238.0,21147.0,21033.0,20919.0,20812.0,20711.0,20565.0,20424.0,20260.0,20104.0,19930.0,19746.0,19583.0,19493.0,19354.0,19210.0,19045.0,18913.0,18808.0,18682.0,18536.0,18385.0,18204.0,18012.0,17784.0,17649.0,17512.0,17443.0,17304.0,17201.0,17087.0,16958.0,16869.0,16785.0,16680.0,
Net Demand 04/17/2020,16583.0,16540.0,16471.0,16377.0,16339.0,16291.0,16315.0,16286.0,16266.0,16223.0,16149.0,16093.0,16039.0,15980.0,15963.0,15920.0,15906.0,15851.0,15843.0,15831.0,15806.0,15772.0,15713.0,15656.0,15615.0,15592.0,15625.0,15512.0,15487.0,15520.0,15469.0,15472.0,15459.0,15440.0,15439.0,15457.0,15465.0,15476.0,15469.0,15432.0,15438.0,15440.0,15430.0,15398.0,15401.0,15421.0,15404.0,15439.0,15464.0,15524.0,15568.0,15556.0,15571.0,15579.0,15614.0,15638.0,15732.0,15764.0,15786.0,15811.0,15879.0,16082.0,16233.0,16352.0,16402.0,16456.0,16499.0,16572.0,16662.0,16711.0,16756.0,16846.0,16945.0,17180.0,17331.0,17279.0,17278.0,17292.0,17286.0,17265.0,17214.0,17258.0,17242.0,17133.0,17009.0,16870.0,16892.0,16746.0,16524.0,16265.0,16189.0,15956.0,15923.0,15637.0,15489.0,15162.0,15081.0,14859.0,14824.0,14592.0,14192.0,13979.0,13748.0,13722.0,13721.0,13694.0,13628.0,13533.0,13480.0,13443.0,13383.0,13247.0,13154.0,12871.0,12647.0,12466.0,12369.0,12029.0,11735.0,11569.0,11610.0,11522.0,11342.0,11245.0,11135.0,11055.0,10871.0,10547.0,10181.0,10054.0,10157.0,10082.0,10048.0,10031.0,9832.0,9759.0,9742.0,9652.0,9416.0,9103.0,8989.0,9233.0,9613.0,9357.0,9310.0,9261.0,9198.0,9126.0,9012.0,8917.0,8866.0,9001.0,8760.0,8543.0,8462.0,8355.0,8384.0,8056.0,7857.0,7709.0,7575.0,7627.0,7339.0,7392.0,7118.0,7275.0,7389.0,7668.0,7879.0,7903.0,7702.0,7901.0,7589.0,7390.0,7350.0,7506.0,7431.0,7292.0,7221.0,7251.0,7243.0,7284.0,7433.0,7713.0,8095.0,8291.0,8538.0,8870.0,8996.0,9095.0,9146.0,9344.0,9452.0,9660.0,9871.0,10081.0,10091.0,10182.0,10355.0,10406.0,10551.0,10696.0,10925.0,11176.0,11285.0,11719.0,12167.0,12625.0,13037.0,13479.0,13953.0,14341.0,14744.0,15038.0,15451.0,15866.0,16176.0,16295.0,16676.0,17176.0,17658.0,18084.0,18377.0,18702.0,19035.0,19378.0,19654.0,19873.0,20017.0,20143.0,20315.0,20493.0,20589.0,20622.0,20684.0,20788.0,20937.0,21092.0,21241.0,21318.0,21297.0,21207.0,21205.0,21100.0,20977.0,20917.0,20783.0,20694.0,20480.0,20416.0,20341.0,20271.0,20102.0,19938.0,19956.0,19879.0,19806.0,19679.0,19555.0,19458.0,19341.0,19229.0,19109.0,18954.0,18837.0,18728.0,18608.0,18480.0,18372.0,18289.0,18260.0,18182.0,18108.0,18006.0,17994.0,17943.0,17855.0,17786.0,17714.0,17639.0,17492.0,17380.0,17288.0,17186.0,17053.0,16939.0,16791.0,16683.0,
Net Demand 04/18/2020,16572.0,16622.0,16755.0,16779.0,16726.0,16727.0,16683.0,16603.0,16587.0,16529.0,16481.0,16415.0,16404.0,16345.0,16347.0,16350.0,16339.0,16295.0,16231.0,16131.0,16042.0,15915.0,15784.0,15697.0,15599.0,15574.0,15463.0,15442.0,15429.0,15373.0,15337.0,15303.0,15261.0,15242.0,15227.0,15237.0,15234.0,15232.0,15244.0,15236.0,15167.0,15181.0,15128.0,15136.0,15117.0,15114.0,15136.0,15178.0,15204.0,15322.0,15333.0,15368.0,15386.0,15449.0,15477.0,15477.0,15465.0,15539.0,15610.0,15638.0,15736.0,15874.0,15943.0,16061.0,16178.0,16220.0,16264.0,16370.0,16415.0,16463.0,16511.0,16589.0,16640.0,16731.0,16772.0,16773.0,16785.0,16728.0,16635.0,16538.0,16272.0,16171.0,16017.0,15820.0,15419.0,15077.0,14805.0,14637.0,14497.0,14194.0,13861.0,13642.0,13407.0,13158.0,12895.0,12651.0,12323.0,12149.0,11915.0,11787.0,11610.0,11357.0,11058.0,10902.0,10872.0,10750.0,10564.0,10435.0,10280.0,10252.0,10146.0,10020.0,9780.0,9454.0,9101.0,8880.0,8817.0,8685.0,8518.0,8292.0,8118.0,7889.0,7678.0,7541.0,7441.0,7237.0,7087.0,7122.0,7049.0,7142.0,7349.0,7349.0,7133.0,6859.0,6774.0,6582.0,6262.0,6290.0,6519.0,6433.0,6438.0,6781.0,6869.0,6583.0,6369.0,6340.0,6217.0,6076.0,5948.0,5891.0,5778.0,5618.0,5636.0,5740.0,5912.0,5998.0,5802.0,5577.0,5391.0,5426.0,5605.0,5789.0,5704.0,5685.0,5602.0,5301.0,4871.0,4656.0,4941.0,5420.0,5579.0,5493.0,5320.0,5127.0,5047.0,5286.0,5571.0,5643.0,5501.0,5513.0,5537.0,5858.0,5868.0,5934.0,6115.0,6199.0,5946.0,5948.0,6064.0,6224.0,6274.0,6393.0,6363.0,6254.0,6334.0,6386.0,6491.0,6599.0,6809.0,6902.0,6925.0,7127.0,7240.0,7382.0,7608.0,7824.0,8193.0,8683.0,8841.0,8897.0,9046.0,9607.0,10015.0,10257.0,10690.0,11255.0,11783.0,12243.0,12763.0,13318.0,13800.0,14165.0,14645.0,15092.0,15460.0,15902.0,16244.0,16609.0,16940.0,17259.0,17544.0,17814.0,18016.0,18167.0,18364.0,18446.0,18619.0,18804.0,18922.0,19033.0,19081.0,19130.0,19169.0,19225.0,19387.0,19421.0,19355.0,19270.0,19243.0,19186.0,19201.0,19214.0,19217.0,19258.0,19298.0,19316.0,19282.0,19208.0,19145.0,19033.0,18884.0,18721.0,18679.0,18610.0,18441.0,18258.0,18125.0,17983.0,17899.0,17786.0,17612.0,17601.0,17541.0,17449.0,17240.0,17146.0,17062.0,16868.0,16781.0,16657.0,16565.0,16491.0,16382.0,16335.0,16300.0,16295.0,16196.0,16053.0,
Net Demand 04/19/2020,15942.0,15849.0,15799.0,15696.0,15539.0,15410.0,15330.0,15223.0,15151.0,15054.0,15016.0,14975.0,14929.0,14852.0,14961.0,15038.0,15056.0,15016.0,15040.0,15062.0,15027.0,15020.0,14950.0,14921.0,14832.0,14762.0,14753.0,14724.0,14747.0,14705.0,14705.0,14704.0,14704.0,14737.0,14782.0,14760.0,14748.0,14824.0,15002.0,15084.0,15141.0,15144.0,15089.0,15060.0,14955.0,14886.0,14815.0,14785.0,14775.0,14815.0,14860.0,14861.0,14858.0,14839.0,14773.0,14663.0,14601.0,14459.0,14384.0,14379.0,14365.0,14420.0,14451.0,14463.0,14422.0,14447.0,14401.0,14432.0,14521.0,14584.0,14673.0,14675.0,14705.0,14765.0,14799.0,14804.0,14740.0,14619.0,14507.0,14342.0,14148.0,13883.0,13618.0,13320.0,12879.0,12666.0,12308.0,11874.0,11432.0,10938.0,10427.0,9882.0,9496.0,9176.0,8924.0,8785.0,8410.0,8012.0,7366.0,7262.0,7110.0,7087.0,7010.0,6959.0,7066.0,7263.0,7520.0,7520.0,7580.0,7365.0,7251.0,7347.0,7565.0,7793.0,7944.0,7866.0,7678.0,7605.0,7558.0,7460.0,7299.0,7048.0,6874.0,6767.0,6771.0,6790.0,6652.0,6558.0,6478.0,6360.0,6261.0,6216.0,6087.0,5998.0,5904.0,5987.0,6070.0,5989.0,5860.0,5673.0,5570.0,5678.0,6016.0,6042.0,5946.0,5727.0,5507.0,5512.0,5534.0,5476.0,5175.0,4802.0,4805.0,4739.0,4870.0,5142.0,5112.0,4748.0,4667.0,4720.0,4942.0,5009.0,5025.0,5063.0,4810.0,4500.0,4590.0,4885.0,4952.0,4828.0,4827.0,4852.0,4805.0,4765.0,4649.0,4557.0,4494.0,4576.0,4608.0,4862.0,5022.0,5197.0,5133.0,5310.0,5327.0,5237.0,5309.0,5566.0,5964.0,5834.0,5381.0,5583.0,5951.0,5819.0,5837.0,6181.0,6596.0,7095.0,6911.0,6665.0,6463.0,6402.0,6479.0,6575.0,7137.0,7948.0,8210.0,8313.0,8511.0,8707.0,8912.0,9400.0,9673.0,9642.0,9725.0,10281.0,10706.0,10999.0,11689.0,12220.0,12667.0,13268.0,13942.0,14625.0,15212.0,15534.0,15890.0,16270.0,16708.0,16933.0,17132.0,17394.0,17639.0,17837.0,18054.0,18246.0,18440.0,18609.0,18715.0,18860.0,18879.0,18950.0,18942.0,18956.0,18934.0,18899.0,18827.0,18737.0,18656.0,18596.0,18510.0,18442.0,18399.0,18352.0,18295.0,18277.0,18266.0,18180.0,18081.0,17980.0,17900.0,17832.0,17740.0,17622.0,17513.0,17436.0,17388.0,17233.0,17113.0,16967.0,16805.0,16640.0,16551.0,16490.0,16353.0,16297.0,16180.0,16105.0,15981.0,15912.0,15733.0,15597.0,15449.0,15280.0,15130.0,15080.0,15016.0,14825.0,
Net Demand 04/20/2020,14669.0,14607.0,14649.0,14670.0,14696.0,14639.0,14585.0,14551.0,14531.0,14499.0,14403.0,14320.0,14246.0,14215.0,14078.0,13922.0,13750.0,13657.0,13506.0,13395.0,13316.0,13248.0,13167.0,13127.0,13098.0,13143.0,13151.0,13107.0,13082.0,12984.0,12966.0,12973.0,12966.0,13036.0,13067.0,13106.0,13074.0,13102.0,13147.0,13271.0,13302.0,13367.0,13407.0,13448.0,13424.0,13520.0,13575.0,13641.0,13679.0,13775.0,13818.0,13895.0,13961.0,13994.0,14069.0,14285.0,14358.0,14456.0,14558.0,14650.0,14728.0,14889.0,15028.0,15141.0,15220.0,15253.0,15300.0,15389.0,15400.0,15461.0,15511.0,15665.0,15850.0,15994.0,16317.0,16461.0,16513.0,16513.0,16448.0,16412.0,16285.0,16075.0,15873.0,15669.0,15493.0,15432.0,15241.0,14955.0,14668.0,14442.0,14165.0,13927.0,13628.0,13295.0,12988.0,12849.0,13121.0,12905.0,12789.0,12703.0,12641.0,12544.0,12554.0,12457.0,12530.0,12744.0,12726.0,12819.0,12856.0,12977.0,13031.0,12839.0,12647.0,12342.0,12317.0,12427.0,12359.0,12245.0,12044.0,11949.0,11830.0,11617.0,11326.0,11027.0,10855.0,10723.0,10514.0,10403.0,10419.0,10534.0,10512.0,10354.0,9791.0,9294.0,9295.0,9608.0,9532.0,9327.0,9216.0,8988.0,8836.0,8813.0,8789.0,8993.0,8988.0,8856.0,8709.0,8761.0,8645.0,8900.0,8915.0,8922.0,9336.0,9407.0,9894.0,9951.0,9797.0,9546.0,9202.0,9345.0,9283.0,9072.0,9302.0,9543.0,9594.0,9487.0,9602.0,9938.0,9960.0,9747.0,9786.0,9695.0,9776.0,9638.0,9345.0,9133.0,9306.0,9453.0,9459.0,9400.0,9314.0,9682.0,9529.0,9296.0,9019.0,8996.0,8866.0,8891.0,8670.0,8571.0,8585.0,8582.0,8521.0,7988.0,8395.0,8793.0,8708.0,8456.0,8708.0,9681.0,10037.0,10103.0,9852.0,9697.0,9928.0,10184.0,10264.0,10447.0,10794.0,11169.0,11824.0,12076.0,12291.0,12515.0,12669.0,13239.0,13729.0,14176.0,14744.0,15221.0,15696.0,16093.0,16490.0,16921.0,17271.0,17657.0,17993.0,18309.0,18648.0,18954.0,19313.0,19663.0,19927.0,20116.0,20295.0,20408.0,20553.0,20660.0,20709.0,20719.0,20679.0,20614.0,20585.0,20524.0,20477.0,20458.0,20369.0,20314.0,20242.0,20116.0,20027.0,19973.0,19874.0,19821.0,19739.0,19583.0,19495.0,19384.0,19292.0,19152.0,18984.0,18853.0,18731.0,18564.0,18390.0,18312.0,18221.0,18124.0,17918.0,17760.0,17585.0,17453.0,17255.0,17150.0,17056.0,16910.0,16719.0,16568.0,16439.0,16330.0,16240.0,16122.0,16014.0,15931.0,15844.0,15778.0,15624.0,15532.0,
Net Demand 04/21/2020,15422.0,15321.0,15355.0,15315.0,15253.0,15176.0,15094.0,15075.0,15075.0,15024.0,15027.0,14978.0,14860.0,14731.0,14714.0,14676.0,14635.0,14551.0,14411.0,14318.0,14245.0,14142.0,14055.0,13934.0,13838.0,13763.0,13739.0,13676.0,13634.0,13651.0,13609.0,13588.0,13570.0,13565.0,13499.0,13575.0,13670.0,13721.0,13758.0,13699.0,13617.0,13571.0,13548.0,13500.0,13405.0,13314.0,13303.0,13277.0,13225.0,13363.0,13463.0,13487.0,13531.0,13607.0,13635.0,13594.0,13621.0,13756.0,13820.0,13891.0,13932.0,14085.0,14257.0,14397.0,14572.0,14719.0,14800.0,14973.0,15047.0,15092.0,15198.0,15252.0,15334.0,15588.0,15749.0,15774.0,15828.0,15794.0,15717.0,15618.0,15448.0,15271.0,14986.0,14687.0,14352.0,14143.0,13803.0,13423.0,13088.0,12755.0,12475.0,12119.0,11792.0,11304.0,10875.0,10567.0,9977.0,9553.0,9255.0,8972.0,8699.0,8491.0,8382.0,8384.0,8191.0,7881.0,7753.0,7613.0,7611.0,7642.0,7734.0,7662.0,7716.0,7537.0,7427.0,7286.0,7341.0,7584.0,7529.0,7405.0,7319.0,7192.0,6985.0,6957.0,7074.0,7016.0,6977.0,6962.0,7074.0,7192.0,7206.0,7122.0,7023.0,6696.0,6677.0,6767.0,6818.0,6798.0,6656.0,6590.0,6623.0,6614.0,6596.0,6453.0,6460.0,6555.0,6559.0,6346.0,6179.0,6147.0,6213.0,6349.0,6427.0,6476.0,6361.0,6343.0,6202.0,5967.0,5920.0,5878.0,5783.0,5788.0,5703.0,5697.0,5710.0,5680.0,5436.0,5505.0,5694.0,5617.0,5487.0,5335.0,5323.0,5370.0,5502.0,5776.0,5817.0,5713.0,5676.0,5527.0,5678.0,5889.0,5878.0,5901.0,5802.0,5598.0,5484.0,5490.0,5596.0,5780.0,5855.0,5778.0,5804.0,5981.0,6434.0,6565.0,6440.0,6504.0,6517.0,6470.0,6476.0,6542.0,6678.0,6772.0,7123.0,7635.0,7829.0,7970.0,8125.0,8236.0,8371.0,8632.0,9066.0,9574.0,10114.0,10761.0,11442.0,12162.0,12810.0,13519.0,14199.0,14820.0,15362.0,16015.0,16520.0,16975.0,17481.0,17909.0,18296.0,18484.0,18651.0,18857.0,19102.0,19289.0,19501.0,19709.0,19870.0,20066.0,20216.0,20320.0,20364.0,20367.0,20393.0,20389.0,20366.0,20370.0,20370.0,20207.0,20067.0,19984.0,19848.0,19710.0,19513.0,19388.0,19203.0,19135.0,18967.0,18785.0,18668.0,18553.0,18481.0,18452.0,18397.0,18308.0,18275.0,18197.0,18080.0,17973.0,17838.0,17654.0,17471.0,17350.0,17303.0,17272.0,17187.0,17103.0,16928.0,16905.0,16897.0,16792.0,16710.0,16653.0,16634.0,16500.0,16354.0,16357.0,16422.0,16398.0,
Net Demand 04/22/2020,16304.0,16304.0,16326.0,16369.0,16404.0,16425.0,16245.0,16251.0,16272.0,16212.0,16125.0,15889.0,15619.0,15497.0,15350.0,15270.0,15166.0,15131.0,15064.0,14697.0,14578.0,14600.0,14493.0,14405.0,14255.0,14286.0,14351.0,14252.0,14214.0,14184.0,14168.0,14118.0,14213.0,14193.0,14220.0,14239.0,14215.0,14188.0,14146.0,14170.0,14155.0,14228.0,14268.0,14273.0,14320.0,14390.0,14484.0,14540.0,14558.0,14662.0,14749.0,14822.0,14935.0,15034.0,15138.0,15325.0,15436.0,15575.0,15813.0,16032.0,16344.0,16552.0,16505.0,16751.0,17161.0,17318.0,17404.0,17514.0,17743.0,17884.0,17938.0,18116.0,18312.0,18506.0,18532.0,18587.0,18649.0,18619.0,18444.0,18386.0,18354.0,18194.0,17905.0,17583.0,17226.0,17012.0,16792.0,16442.0,16041.0,15531.0,14954.0,14455.0,13961.0,13332.0,12595.0,12081.0,11587.0,10972.0,10491.0,10190.0,10036.0,9804.0,9633.0,9691.0,9726.0,9719.0,9659.0,9357.0,9186.0,9127.0,9279.0,9356.0,9361.0,9274.0,9231.0,9083.0,8963.0,8807.0,8770.0,8655.0,8502.0,8406.0,8298.0,8226.0,8148.0,7989.0,7829.0,7790.0,7883.0,7868.0,7931.0,7956.0,7999.0,7870.0,7795.0,7674.0,7523.0,7482.0,7471.0,7490.0,7476.0,7484.0,7430.0,7462.0,7421.0,7490.0,7567.0,7473.0,7389.0,7383.0,7426.0,7464.0,7477.0,7462.0,7458.0,7366.0,7290.0,7119.0,7042.0,6918.0,6910.0,6997.0,7004.0,6973.0,6959.0,6947.0,6888.0,6752.0,6541.0,6300.0,6357.0,6446.0,6343.0,6540.0,6632.0,6706.0,6686.0,6620.0,6393.0,6400.0,6528.0,6793.0,6960.0,7094.0,7154.0,7295.0,7334.0,7410.0,7665.0,7532.0,7406.0,7445.0,7367.0,7556.0,7793.0,8074.0,8272.0,8327.0,8477.0,8451.0,8510.0,8616.0,8726.0,8983.0,9359.0,9770.0,9992.0,10178.0,10589.0,11014.0,11409.0,11651.0,11920.0,12290.0,12786.0,13296.0,13782.0,14381.0,14995.0,15700.0,16358.0,17009.0,17642.0,18187.0,18743.0,19265.0,19681.0,20146.0,20479.0,20751.0,20951.0,21092.0,21234.0,21387.0,21436.0,21542.0,21663.0,21957.0,22134.0,22393.0,22566.0,22550.0,22583.0,22568.0,22596.0,22576.0,22635.0,22661.0,22666.0,22556.0,22457.0,22419.0,22227.0,22169.0,22087.0,22008.0,21883.0,21803.0,21729.0,21677.0,21617.0,21512.0,21385.0,21312.0,21243.0,21128.0,20969.0,20877.0,20752.0,20682.0,20506.0,20258.0,20058.0,19873.0,19703.0,19555.0,19469.0,19335.0,19137.0,19045.0,18926.0,18784.0,18687.0,18471.0,18322.0,18128.0,17955.0,17852.0,
Net Demand 04/23/2020,17746.0,17702.0,17730.0,17631.0,17560.0,17479.0,17387.0,17266.0,17167.0,17074.0,17024.0,16951.0,16847.0,16784.0,16730.0,16615.0,16589.0,16528.0,16490.0,16427.0,16421.0,16396.0,16319.0,16235.0,16182.0,16145.0,16151.0,16117.0,16090.0,16030.0,15969.0,15897.0,15798.0,15811.0,15752.0,15683.0,15683.0,15751.0,15851.0,15878.0,15587.0,15597.0,15841.0,15934.0,15935.0,15868.0,15792.0,15722.0,15714.0,15790.0,15846.0,15859.0,15923.0,15951.0,16040.0,16148.0,16224.0,16250.0,16288.0,16339.0,16300.0,16326.0,16418.0,16501.0,16575.0,16533.0,16582.0,16654.0,16715.0,16726.0,16848.0,16635.0,16902.0,17458.0,17713.0,17787.0,17818.0,17532.0,17282.0,17290.0,17245.0,16947.0,16572.0,16150.0,15694.0,15302.0,14997.0,14545.0,14047.0,13573.0,13107.0,12671.0,12222.0,11759.0,11311.0,10896.0,10473.0,10257.0,9993.0,9416.0,9137.0,9055.0,8852.0,8671.0,8523.0,8434.0,8239.0,8107.0,8057.0,7989.0,7919.0,7900.0,7792.0,7653.0,7649.0,7570.0,7422.0,7462.0,7420.0,7404.0,7249.0,6973.0,6878.0,6918.0,6879.0,6910.0,6920.0,6811.0,6630.0,6676.0,6746.0,6751.0,6713.0,6758.0,6950.0,6868.0,6737.0,6534.0,6467.0,6532.0,6546.0,6619.0,6604.0,6631.0,6519.0,6626.0,6683.0,6655.0,6675.0,6726.0,6734.0,6859.0,6809.0,6822.0,6917.0,7022.0,7072.0,7000.0,7000.0,7108.0,7213.0,7355.0,7306.0,7186.0,7201.0,7261.0,7435.0,7372.0,7274.0,7245.0,7197.0,7214.0,7263.0,7347.0,7424.0,7463.0,7436.0,7623.0,7973.0,8125.0,8204.0,8240.0,8187.0,8257.0,8362.0,8378.0,8485.0,8790.0,8955.0,9186.0,9374.0,9479.0,9535.0,9597.0,9698.0,9880.0,10136.0,10444.0,10692.0,10892.0,11147.0,11419.0,11696.0,12016.0,12282.0,12398.0,12528.0,12762.0,12930.0,13187.0,13530.0,13975.0,14512.0,15098.0,15776.0,16310.0,16884.0,17475.0,18008.0,18492.0,19084.0,19756.0,20388.0,20979.0,21422.0,21702.0,22043.0,22446.0,22850.0,23048.0,23198.0,23366.0,23580.0,23657.0,23779.0,23891.0,24022.0,24201.0,24348.0,24513.0,24526.0,24484.0,24651.0,24709.0,24678.0,24662.0,24563.0,24461.0,24368.0,24260.0,24125.0,23958.0,23803.0,23601.0,23434.0,23299.0,23107.0,22855.0,22600.0,22379.0,22236.0,22095.0,22022.0,21924.0,21742.0,21567.0,21467.0,21327.0,21182.0,21041.0,20949.0,20764.0,20534.0,20344.0,20091.0,19989.0,19935.0,19506.0,19647.0,19557.0,19468.0,19367.0,19218.0,19053.0,18851.0,18714.0,18604.0,18476.0,
Net Demand 04/24/2020,18304.0,18232.0,18230.0,18143.0,18068.0,17927.0,17784.0,17637.0,17551.0,17521.0,17487.0,17412.0,17360.0,17240.0,17146.0,16989.0,16868.0,16833.0,16778.0,16717.0,16666.0,16608.0,16524.0,16473.0,16444.0,16419.0,16336.0,16331.0,16341.0,16304.0,16217.0,16141.0,16166.0,16177.0,16171.0,16143.0,16130.0,16159.0,16183.0,16190.0,16184.0,16143.0,16165.0,16222.0,16246.0,16301.0,16348.0,16465.0,16554.0,16668.0,16744.0,16638.0,16486.0,16441.0,16472.0,16500.0,16521.0,16587.0,16616.0,16781.0,16920.0,17090.0,17241.0,17230.0,17235.0,17239.0,17275.0,17385.0,17471.0,17559.0,17685.0,17769.0,17866.0,18040.0,18162.0,18194.0,18213.0,18274.0,18232.0,18069.0,17809.0,17510.0,17188.0,16855.0,16510.0,16250.0,15970.0,15588.0,15151.0,14716.0,14307.0,13995.0,13636.0,13284.0,12897.0,12559.0,12267.0,12050.0,11822.0,11577.0,11363.0,11087.0,10911.0,10787.0,10617.0,10453.0,10304.0,10219.0,10112.0,10017.0,9901.0,9817.0,9707.0,9613.0,9462.0,9365.0,9268.0,9169.0,9047.0,8943.0,8825.0,8745.0,8762.0,8769.0,8727.0,8633.0,8595.0,8392.0,8412.0,8534.0,8523.0,8615.0,8957.0,9033.0,9067.0,9244.0,9284.0,9326.0,9414.0,9515.0,9626.0,9694.0,9809.0,9886.0,9963.0,9726.0,9596.0,9657.0,9708.0,9801.0,9932.0,10052.0,10168.0,10280.0,10384.0,10500.0,10536.0,10543.0,10597.0,10669.0,10756.0,10965.0,11482.0,11632.0,11366.0,11304.0,11370.0,11420.0,11516.0,11546.0,11607.0,11729.0,11886.0,12036.0,12070.0,12126.0,12281.0,12431.0,12492.0,12664.0,13119.0,13402.0,13524.0,13579.0,13677.0,13816.0,14003.0,14468.0,14794.0,15004.0,15039.0,15180.0,15439.0,15516.0,15574.0,15734.0,15860.0,16182.0,16482.0,16330.0,16178.0,16229.0,16452.0,16683.0,16934.0,17008.0,17192.0,17251.0,17655.0,18310.0,18625.0,18720.0,19001.0,19256.0,19652.0,20222.0,20745.0,21226.0,21718.0,22296.0,22866.0,23325.0,23801.0,24336.0,24843.0,25290.0,25700.0,26124.0,26426.0,26616.0,26786.0,26883.0,26977.0,26998.0,27100.0,27174.0,27198.0,27190.0,27273.0,27310.0,27322.0,27306.0,27309.0,27264.0,27140.0,27028.0,26876.0,26727.0,26526.0,26432.0,26269.0,26144.0,26038.0,25925.0,25789.0,25604.0,25482.0,25379.0,25181.0,24919.0,24834.0,24695.0,24506.0,24326.0,24113.0,23906.0,23714.0,23531.0,23327.0,23159.0,22983.0,22716.0,22550.0,22395.0,22241.0,22052.0,21867.0,21665.0,21490.0,21357.0,21183.0,21097.0,20991.0,20977.0,20924.0,20841.0,20752.0,20701.0,
Net Demand 04/25/2020,20613.0,20580.0,20593.0,20516.0,20459.0,20357.0,20220.0,20144.0,20006.0,19850.0,19697.0,19621.0,19530.0,19463.0,19368.0,19221.0,19067.0,18940.0,18830.0,18693.0,18608.0,18477.0,18364.0,18209.0,18067.0,17929.0,17852.0,17779.0,17755.0,17728.0,17688.0,17609.0,17556.0,17473.0,17424.0,17379.0,17339.0,17287.0,17248.0,17194.0,17146.0,17143.0,17076.0,17081.0,17103.0,17077.0,17105.0,17142.0,17201.0,17282.0,17393.0,17452.0,17497.0,17524.0,17556.0,17600.0,17644.0,17699.0,17785.0,17867.0,17921.0,18018.0,18098.0,18170.0,18252.0,18342.0,18378.0,18368.0,18367.0,18386.0,18418.0,18436.0,18455.0,18551.0,18566.0,18481.0,18419.0,18255.0,18039.0,17823.0,17537.0,17238.0,16916.0,16549.0,16190.0,15892.0,15645.0,15267.0,14830.0,14238.0,13520.0,12854.0,12373.0,12079.0,11666.0,11196.0,10795.0,10514.0,10336.0,10047.0,9746.0,9469.0,9357.0,9351.0,9272.0,9182.0,9052.0,8947.0,8824.0,8847.0,8957.0,8864.0,8776.0,8712.0,8739.0,8590.0,8594.0,8549.0,8564.0,8498.0,8450.0,8395.0,8350.0,8454.0,8600.0,8640.0,8621.0,8477.0,8410.0,8435.0,8435.0,8496.0,8537.0,8641.0,8677.0,8697.0,8773.0,8835.0,8858.0,8957.0,9096.0,9087.0,9090.0,9213.0,9360.0,9281.0,9286.0,9343.0,9434.0,9523.0,9466.0,9502.0,9606.0,9761.0,9834.0,9956.0,10070.0,10168.0,10177.0,10303.0,10400.0,10502.0,10571.0,10746.0,10867.0,11020.0,11109.0,11242.0,11361.0,11481.0,11536.0,11728.0,11890.0,12015.0,12154.0,12405.0,12572.0,12710.0,12866.0,13023.0,13171.0,13315.0,13517.0,13774.0,13837.0,13995.0,14232.0,14368.0,14422.0,14477.0,14637.0,14843.0,15133.0,15292.0,15437.0,15566.0,15717.0,15820.0,16028.0,16204.0,16345.0,16618.0,16782.0,17040.0,17286.0,17289.0,17565.0,18095.0,18448.0,18710.0,19010.0,19345.0,19814.0,20448.0,20744.0,21013.0,21349.0,21810.0,22099.0,22676.0,23217.0,23662.0,24090.0,24455.0,24801.0,25260.0,25575.0,25904.0,26105.0,26194.0,26206.0,26223.0,26225.0,26173.0,26164.0,26209.0,26235.0,26243.0,26246.0,26284.0,26334.0,26251.0,26159.0,25913.0,25775.0,25749.0,25657.0,25419.0,25357.0,25331.0,25214.0,25091.0,24944.0,24815.0,24698.0,24575.0,24450.0,24336.0,24234.0,24079.0,23960.0,23840.0,23654.0,23477.0,23289.0,23136.0,22957.0,22803.0,22657.0,22445.0,22260.0,22019.0,21847.0,21696.0,21582.0,21460.0,21326.0,21207.0,21111.0,20958.0,20855.0,20657.0,20471.0,20273.0,20072.0,19870.0,19636.0,19379.0,
Net Demand 04/26/2020,19113.0,18929.0,18784.0,18613.0,18443.0,18318.0,18143.0,18038.0,17908.0,17803.0,17695.0,17584.0,17489.0,17365.0,17233.0,17089.0,16867.0,16744.0,16754.0,16668.0,16594.0,16468.0,16335.0,16270.0,16180.0,16149.0,16050.0,16047.0,16062.0,16076.0,16096.0,16140.0,16180.0,16229.0,16249.0,16385.0,16466.0,16419.0,16392.0,16334.0,16249.0,16189.0,16160.0,16124.0,15995.0,15876.0,15862.0,15810.0,15749.0,15682.0,15627.0,15558.0,15501.0,15456.0,15438.0,15385.0,15313.0,15236.0,15212.0,15173.0,15102.0,15153.0,15172.0,15193.0,15256.0,15286.0,15323.0,15388.0,15424.0,15423.0,15380.0,15452.0,15598.0,15644.0,15590.0,15505.0,15231.0,15057.0,14975.0,14850.0,14672.0,14403.0,14146.0,13768.0,13491.0,13246.0,13037.0,12685.0,12265.0,11675.0,11311.0,10995.0,10655.0,10186.0,9492.0,9218.0,8924.0,8500.0,8407.0,8271.0,8061.0,8103.0,8063.0,8059.0,7977.0,7641.0,7292.0,7379.0,7102.0,6727.0,6803.0,6926.0,6653.0,6532.0,6292.0,6284.0,6357.0,6564.0,6675.0,6461.0,6197.0,5886.0,5794.0,5705.0,5610.0,5540.0,5560.0,5400.0,5375.0,5478.0,5396.0,5352.0,5198.0,5288.0,5293.0,5171.0,5320.0,5453.0,5594.0,5783.0,5836.0,5672.0,5425.0,5210.0,5231.0,5425.0,5654.0,5615.0,5430.0,5337.0,5363.0,5374.0,5706.0,5723.0,5685.0,5697.0,5815.0,6039.0,6132.0,6085.0,6101.0,6179.0,6014.0,6052.0,6174.0,6267.0,6350.0,6499.0,6352.0,6337.0,6534.0,6747.0,6847.0,6954.0,7235.0,7300.0,7288.0,7409.0,7437.0,7599.0,7716.0,7790.0,7818.0,7812.0,8062.0,8276.0,8323.0,8467.0,8658.0,8805.0,8968.0,9159.0,9406.0,9656.0,9932.0,10110.0,10568.0,10790.0,10918.0,11127.0,11520.0,11707.0,11990.0,12533.0,13010.0,13196.0,13505.0,13987.0,14518.0,14696.0,14830.0,15064.0,15430.0,15724.0,16200.0,16683.0,17318.0,17636.0,17809.0,18268.0,18744.0,19127.0,19446.0,19748.0,20079.0,20549.0,20871.0,21189.0,21448.0,21552.0,21761.0,21956.0,22164.0,22385.0,22534.0,22534.0,22616.0,22804.0,22972.0,23052.0,23080.0,23122.0,23176.0,23220.0,23154.0,23000.0,22877.0,22718.0,22637.0,22518.0,22412.0,22309.0,22215.0,21940.0,21510.0,21290.0,21272.0,21148.0,20978.0,20839.0,20743.0,20595.0,20427.0,20250.0,20077.0,19866.0,19667.0,19518.0,19381.0,19191.0,18959.0,18766.0,18574.0,18386.0,18248.0,18120.0,17966.0,17786.0,17643.0,17493.0,17329.0,17167.0,16981.0,16828.0,16713.0,16622.0,16494.0,16419.0,
Net Demand 04/27/2020,16372.0,16409.0,16389.0,16345.0,16169.0,16060.0,15973.0,15888.0,15830.0,15786.0,15740.0,15718.0,15669.0,15534.0,15459.0,15375.0,15237.0,15137.0,15099.0,15062.0,15042.0,15036.0,15008.0,14992.0,15008.0,14985.0,14922.0,14856.0,14868.0,14807.0,14731.0,14694.0,14628.0,14595.0,14527.0,14462.0,14394.0,14407.0,14387.0,14313.0,14260.0,14205.0,14058.0,13910.0,13994.0,14111.0,14110.0,14105.0,14096.0,14171.0,14146.0,14115.0,14106.0,14185.0,14211.0,14318.0,14430.0,14436.0,14226.0,14213.0,14486.0,14703.0,14823.0,14923.0,14986.0,15054.0,15142.0,15180.0,15223.0,15248.0,15278.0,15347.0,15450.0,15648.0,15763.0,15741.0,15648.0,15506.0,15333.0,15133.0,14899.0,14540.0,14188.0,14000.0,13714.0,13471.0,13125.0,12707.0,12331.0,11943.0,11599.0,11329.0,10838.0,10343.0,9944.0,9594.0,9228.0,8898.0,8828.0,8810.0,8764.0,8643.0,8543.0,8429.0,8304.0,8389.0,8400.0,8334.0,8300.0,8307.0,8432.0,8465.0,8363.0,8177.0,8007.0,7932.0,8001.0,8021.0,7980.0,7857.0,7863.0,7633.0,7729.0,7824.0,7974.0,8061.0,8181.0,8083.0,7970.0,7939.0,8104.0,8056.0,8042.0,7928.0,7913.0,7817.0,7684.0,7618.0,7564.0,7339.0,7432.0,7487.0,7498.0,7447.0,7513.0,7538.0,7449.0,7467.0,7416.0,7438.0,7361.0,7128.0,7025.0,7137.0,7205.0,7217.0,7357.0,7584.0,7634.0,7663.0,7478.0,7208.0,7077.0,7233.0,7323.0,7413.0,7672.0,7954.0,8163.0,7980.0,7642.0,7467.0,7544.0,7760.0,7905.0,7980.0,8118.0,8243.0,8425.0,8552.0,8667.0,8670.0,8713.0,8830.0,8922.0,9123.0,9287.0,9434.0,9581.0,9676.0,9879.0,10158.0,10526.0,10794.0,11018.0,11142.0,11298.0,11542.0,11862.0,12294.0,12838.0,12989.0,13024.0,12999.0,13049.0,13296.0,13677.0,14117.0,14331.0,14884.0,15448.0,16469.0,17005.0,17469.0,17894.0,18160.0,18632.0,18852.0,18997.0,19437.0,19951.0,20550.0,20708.0,20689.0,21051.0,21470.0,21796.0,22207.0,22527.0,22827.0,22982.0,23195.0,23337.0,23443.0,23482.0,23497.0,23519.0,23374.0,23381.0,23679.0,23772.0,23812.0,23848.0,23917.0,23911.0,23788.0,23656.0,23551.0,23489.0,23378.0,23223.0,23107.0,22953.0,22856.0,22739.0,22648.0,22399.0,22272.0,22281.0,22183.0,22037.0,21904.0,21759.0,21386.0,21230.0,21202.0,21039.0,20919.0,20773.0,20613.0,20399.0,20168.0,19995.0,19836.0,19674.0,19538.0,19381.0,19201.0,19007.0,18804.0,18620.0,18466.0,18354.0,18218.0,18134.0,17987.0,17874.0,17725.0,
Net Demand 04/28/2020,17559.0,17485.0,17468.0,17338.0,17232.0,17114.0,16986.0,16876.0,16768.0,16625.0,16519.0,16257.0,16092.0,15991.0,15941.0,16056.0,16149.0,16074.0,16035.0,15996.0,15999.0,15591.0,15655.0,15887.0,15897.0,15874.0,15946.0,15981.0,15996.0,16028.0,15982.0,16005.0,15998.0,15946.0,15970.0,15995.0,16062.0,16171.0,16236.0,16220.0,16199.0,16158.0,16187.0,16149.0,16168.0,16197.0,16242.0,16244.0,16234.0,16350.0,16443.0,16516.0,16609.0,16639.0,16748.0,16868.0,16967.0,17034.0,17146.0,17268.0,17460.0,17608.0,17803.0,17854.0,18020.0,18166.0,18071.0,17985.0,18203.0,18480.0,18533.0,18662.0,18735.0,18902.0,19001.0,19072.0,19084.0,19055.0,18958.0,18768.0,18560.0,18337.0,18043.0,17708.0,17368.0,17208.0,16954.0,16586.0,16212.0,15730.0,15320.0,14965.0,14490.0,14057.0,13574.0,13238.0,12977.0,12714.0,12583.0,12387.0,12181.0,11950.0,11755.0,11615.0,11494.0,11369.0,11236.0,11116.0,11008.0,10907.0,10827.0,10701.0,10603.0,10519.0,10427.0,10294.0,10189.0,10129.0,10034.0,10015.0,9977.0,9953.0,9700.0,9488.0,9402.0,9356.0,9361.0,9444.0,9388.0,9363.0,9334.0,9303.0,9370.0,9453.0,9441.0,9442.0,9656.0,9756.0,9836.0,9916.0,9986.0,10014.0,10047.0,10159.0,10215.0,10286.0,10432.0,10655.0,10713.0,10827.0,10925.0,11014.0,11136.0,11226.0,11351.0,11437.0,11536.0,11679.0,11842.0,11960.0,12109.0,12266.0,12402.0,12454.0,12572.0,12722.0,12870.0,12972.0,13132.0,13190.0,13312.0,13456.0,13559.0,13723.0,13871.0,14070.0,14225.0,14384.0,14542.0,14700.0,14827.0,15023.0,15099.0,15258.0,15433.0,15636.0,15817.0,16020.0,16135.0,16319.0,16493.0,16656.0,16813.0,17073.0,17213.0,17457.0,17678.0,17858.0,18033.0,18218.0,18390.0,18541.0,18615.0,18867.0,19073.0,19086.0,19372.0,19750.0,20065.0,20312.0,20566.0,20910.0,21310.0,21659.0,22029.0,22339.0,22794.0,23190.0,23595.0,24092.0,24511.0,25052.0,25568.0,25952.0,26371.0,26754.0,27043.0,27366.0,27641.0,27863.0,27965.0,28019.0,28060.0,28083.0,28151.0,28316.0,28366.0,28416.0,28464.0,28500.0,28535.0,28516.0,28492.0,28471.0,28432.0,28375.0,28267.0,28150.0,28021.0,27885.0,27758.0,27558.0,27387.0,27249.0,27057.0,26908.0,26758.0,26666.0,26545.0,26331.0,26130.0,25964.0,25760.0,25542.0,25292.0,25071.0,24829.0,24641.0,24513.0,24389.0,24254.0,24062.0,23836.0,23660.0,23538.0,23390.0,23191.0,23004.0,22813.0,22587.0,22402.0,22191.0,21984.0,21781.0,21582.0,21487.0,21356.0,21209.0,
Net Demand 04/29/2020,21062.0,20929.0,20938.0,20848.0,20730.0,20591.0,20536.0,20491.0,20407.0,20376.0,20273.0,20129.0,19966.0,19743.0,19638.0,19566.0,19451.0,19428.0,19390.0,19380.0,19329.0,19270.0,19262.0,19207.0,19116.0,19048.0,19052.0,19045.0,19032.0,19019.0,19000.0,18929.0,18982.0,18946.0,18919.0,18880.0,18846.0,18825.0,18805.0,18734.0,18708.0,18639.0,18576.0,18530.0,18487.0,18454.0,18482.0,18521.0,18619.0,18743.0,18872.0,18884.0,18939.0,18958.0,18984.0,19051.0,19095.0,19127.0,19104.0,19049.0,19089.0,19288.0,19350.0,19344.0,19380.0,19477.0,19557.0,19663.0,19753.0,19842.0,19942.0,19993.0,20066.0,20247.0,20357.0,20351.0,20274.0,20111.0,19926.0,19718.0,19450.0,19183.0,18837.0,18386.0,17998.0,17576.0,17150.0,16713.0,16339.0,16013.0,15577.0,15175.0,14762.0,14445.0,14225.0,13907.0,13622.0,13274.0,13141.0,13110.0,13003.0,12885.0,12792.0,12662.0,12343.0,12154.0,12113.0,11996.0,11802.0,11759.0,11781.0,11789.0,11554.0,11345.0,11151.0,11404.0,11423.0,11248.0,11252.0,11325.0,11150.0,11057.0,11004.0,11014.0,11105.0,10994.0,10889.0,11004.0,10899.0,10825.0,10846.0,10865.0,10835.0,10742.0,10852.0,11031.0,11027.0,11280.0,11382.0,11425.0,11670.0,11525.0,11220.0,11340.0,11180.0,11061.0,10622.0,10696.0,10966.0,11235.0,11228.0,11416.0,11488.0,11598.0,11505.0,11723.0,11773.0,11968.0,12066.0,12327.0,12376.0,12429.0,12476.0,12692.0,12656.0,12617.0,12684.0,12899.0,13165.0,13200.0,13421.0,13600.0,13624.0,13768.0,13992.0,14279.0,14286.0,14317.0,14761.0,15007.0,14862.0,14919.0,15191.0,15072.0,15441.0,15450.0,15770.0,15937.0,15992.0,16305.0,17202.0,17743.0,18266.0,18629.0,18916.0,19203.0,19515.0,20004.0,20274.0,20164.0,20101.0,20159.0,20152.0,19828.0,19491.0,19449.0,19559.0,19879.0,19708.0,19420.0,19536.0,19968.0,20300.0,20497.0,21124.0,21533.0,21672.0,21741.0,21964.0,22186.0,22537.0,23077.0,23394.0,23669.0,23864.0,24031.0,24072.0,24190.0,24259.0,24291.0,24278.0,24301.0,24289.0,24324.0,24338.0,24387.0,24451.0,24476.0,24498.0,24547.0,24548.0,24535.0,24590.0,24552.0,24492.0,24341.0,24255.0,24219.0,24105.0,23999.0,23927.0,23879.0,23793.0,23727.0,23651.0,23587.0,23527.0,23417.0,23253.0,23122.0,22966.0,22833.0,22688.0,22613.0,22513.0,22288.0,22141.0,22011.0,21915.0,21734.0,21545.0,21316.0,21088.0,20870.0,20634.0,20442.0,20259.0,20066.0,19936.0,19812.0,19637.0,19451.0,19223.0,19036.0,18954.0,18821.0,18628.0,18596.0,
Net Demand 04/30/2020,18607.0,18423.0,18389.0,18276.0,18132.0,17999.0,17837.0,17726.0,17587.0,17494.0,17428.0,17341.0,17209.0,17037.0,16968.0,16856.0,16676.0,16625.0,16475.0,16352.0,16302.0,16218.0,16160.0,16103.0,15993.0,15942.0,15853.0,15815.0,15757.0,15698.0,15657.0,15676.0,15645.0,15643.0,15570.0,15516.0,15462.0,15358.0,15335.0,15369.0,15332.0,15300.0,15286.0,15310.0,15227.0,15218.0,15168.0,15154.0,15186.0,15264.0,15293.0,15370.0,15377.0,15426.0,15410.0,15536.0,15555.0,15534.0,15454.0,15412.0,15412.0,15459.0,15501.0,15547.0,15637.0,15696.0,15782.0,15863.0,15951.0,16003.0,16028.0,16160.0,16172.0,16219.0,16405.0,16429.0,16415.0,16357.0,16367.0,16322.0,16115.0,15907.0,15803.0,15682.0,15483.0,15180.0,14972.0,14664.0,14203.0,13721.0,13344.0,13211.0,12912.0,12497.0,12342.0,11948.0,11751.0,11362.0,10942.0,10524.0,10451.0,10488.0,10535.0,10621.0,10574.0,10322.0,10307.0,10098.0,9793.0,9644.0,9546.0,9300.0,9360.0,9689.0,9503.0,8963.0,8631.0,8594.0,8750.0,8906.0,9093.0,9124.0,8912.0,8548.0,8290.0,8355.0,8910.0,9232.0,8668.0,8118.0,8029.0,8330.0,8564.0,8683.0,8783.0,8601.0,8819.0,8913.0,8787.0,8592.0,8586.0,8463.0,8922.0,8882.0,8664.0,8955.0,9228.0,8803.0,8193.0,7979.0,8516.0,8967.0,8994.0,8788.0,8733.0,8557.0,8541.0,8446.0,8300.0,7904.0,8099.0,8489.0,8361.0,8067.0,7889.0,7866.0,8163.0,8108.0,8115.0,8266.0,8326.0,8207.0,8129.0,8195.0,8320.0,8261.0,8360.0,8570.0,8785.0,9006.0,8822.0,8855.0,9620.0,10426.0,10070.0,9744.0,10078.0,10626.0,10769.0,10806.0,11110.0,11297.0,11535.0,11503.0,11551.0,11881.0,12135.0,12218.0,12507.0,12573.0,12871.0,13033.0,13030.0,13096.0,13186.0,13230.0,13128.0,13305.0,13422.0,13838.0,14133.0,14212.0,14227.0,14600.0,14919.0,15465.0,16034.0,16400.0,16842.0,17391.0,17830.0,18380.0,18802.0,19150.0,19560.0,20118.0,20531.0,20970.0,21342.0,21665.0,22027.0,22297.0,22499.0,22600.0,22760.0,22959.0,23050.0,23048.0,23012.0,23127.0,23171.0,23150.0,23164.0,23164.0,23167.0,23113.0,23128.0,23094.0,22996.0,22859.0,22773.0,22774.0,22664.0,22497.0,22464.0,22408.0,22312.0,22212.0,22142.0,22009.0,21841.0,21734.0,21517.0,21353.0,21183.0,21070.0,21028.0,21011.0,20873.0,20760.0,20653.0,20457.0,20224.0,20034.0,19877.0,19671.0,19456.0,19221.0,19101.0,18984.0,18797.0,18666.0,18499.0,18346.0,18178.0,18035.0,17916.0,17810.0,
